address,symbol,name,decimals,total_supply,
0x0012d268b81dfc99a7d2ef52503de71ac22bebee,null,1000,18,187269536603643000000000000000000,
0x002554c99df037d5076a0eaebeac66b13daf017e,ERC7,ERC777,18,1000000000000000000000000000,
0x0027237bb603bcdfe630438d90e0269fecb960a7,null,null,null,null,
0x00405877a10bb6bbdc975e392e7feced65e3e93c,NSDQ,NASDAQO,2,20000000000,
0x00947fd9ef47e64ccd30e8fc4b56aede7beca34f,TCC,TCC Token,18,0,
0x009a65c471ba7f1627c7e68919c478f39d3b6962,NYBCLLL2,NYBCoinDaipeng2,18,1000000000000000000000000000,
0x0111ac7e9425c891f935c4ce54cf16db7c14b7db,CBI,Chainbreakers Items,null,1179,
0x018105371f4cc814976430c47e803b7b61663ced,BBX,Bill Bucks,4,10000000,
0x01903eb430e61eae58aef2b2e127728885e61789,BID,BID,2,2000000000,
0x01c4bdbbea0a2eb4651e6fcc3b876777597b6328,null,null,null,4691331739010110000000,
0x01dab56dd905b102c4e7c2cf1ba2efa43f2e5022,GG,Gophers,null,0,
0x01ecd79d8fc7e8c2c993a83ff1a884953c9e1174,CSW,Faketoshi,18,10000000000000000000000000000000,
0x01f7542fb67356b83b0e0834c25d05cbb8a7bb43,XSHARE,STAR SHARE,18,2100000000000000000000000000,
0x020decb5a2ef168ad4014e1b26d5080d87365f35,Vectoraic（临时通证）,Vectoraic（临时通证）,2,330000000000,
0x020e6964b4387c5398c3f9a862e7fc36b416a147,TestF,TestFPlat Token,18,10000000000000000000000000,
0x0217b594dd9a775db1856da169e35c52609f4d4d,AuT,Amuse Token,4,1000000000000,
0x024b92888095d5b175c5596cc8bf1a877a7e85c6,CDS,CryptoDogs,null,1,
0x0280317b7f5c212b1fb6a3633aedbe57da37bb24,IAC,IACOGAN,18,10000000000000000000000000,
0x0295f0ab3ac0d6216e203bec6f83bffc47e838da,RDO,RDO roken,8,100000000000000000,
0x02974caf589c5ab2b134bf462f38e08332197c08,XCC,bean,18,5000000000000000000000000000000,
0x0299e20676bfacbd2aafd3d0a082e806c4502815,UPM,UPM,18,360000000000000000000000000,
0x02badd59c92052fa4db1af82b52a21b8bc2f0b3b,ALC,ALL COIN,18,10000000000000000000000000000,
0x02cd544bd9dd2eadc2c881d3566da1fff00cffbe,石油,石油链,18,10000000000000000000000000000,
0x030a8a7a0f3027a7c1c99abc60b91824f9e6ab3c,BRS,Broows,18,11000000000000000000000000,
0x0314df8e5f5acb4c6cfea17babf5b216f0a687db,MIAC,MIYA CHAIN,18,2000000000000000000000000000,
0x034c2a6335f89e760b9e0fcae50de35019a1266a,null,null,0,0,
0x034d4ce58f79c02b628f87f67e4657c7ead39bdf,MDN,Meridian,18,0,
0x0356260b57fac92f0651d6c3591744fe3d7e97b8,S10Y,SILVER10Y,8,2100000000000000,
0x036016b87a9263dcecb797ca47ddecdb75fe267d,UUBToken,UUBToken,18,1000000000000000000000000000,
0x0366256f7dcad481b76873f1ee8b0cc702ff6bb3,null,null,18,0,
0x03a8cdea6193bcf074980d2975ffe5b1e87d8b5b,FAB,FabricaToken,null,0,
0x03aa6ba885cb3fa5457ddbec1f060bd19d0fd0e0,DKP,Dragon Kill Points,18,1000000000,
0x03b37a9f6f7bb20be5a82a4e858000bbbc0267ad,OCN,Ocoin,18,10000000000000000000000000000,
0x03bca36d70117261d4fc2ef9fc2b2ce03d7ff5fb,JESH,Jeshka,18,500000000000000000000000000,
0x03cd7d4706dfdb2c69efc12cabf2a9a1eb3fc981,SNB,SNB - Network for the Blind,0,70000298,
0x041205ea01274277ff0b0d3098f66dd39ec57e6f,goodadvice,Good Advice,18,1945000000000000000000,
0x0470c8c6546e4eb668aead38dc024ec6ab48980e,PokemonPow,CryptoKotakuPokemonPow,null,22,
0x04800adb605c33a5d303defdf2cbed562ae8b5c0,null,null,18,0,
0x0488f2fc63d568cdcc9e9110a67cf15614eec944,MIF,MFCC,18,20000000000000000000000,
0x04c6ee4ae9cb8924778eb4368a912c58cc9af514,SCY,Super Candy,18,1000000000000000000000000000,
0x04d01b6145bc9db925ec1e80bc85f936a961210e,SPOT,Vizsafe SPOT,18,25000000000000000000000000,
0x04d4e64b7548020394dc016c92336bdc28ae5be0,ACT469702,ADZbuzz Wellnessmama.com Community Token,8,200000000000000,
0x04f6c927da7bb1e5c7b793f80406020db3771a9a,UKN,KNUCK,18,208523125000000000000000000,
0x0506adebac4e784b5436e9f2d0d944331fc61317,%,BebaCoin,18,100000000000000000000000000,
0x0511cd2f98942349bdda62ede3e8b251c3ad86bf,CHIS,Chis Cash,18,1000000001000000000000000000,
0x0524aee2bc7dda31939f710eaf88e2ff12275ca2,ACT470262,ADZbuzz Newstrack.com Community Token,8,200000000000000,
0x05525ef76237328f98beef3061576741d1bbb709,CFB,CFBANK,4,5600000000000,
0x055773a741e6dbc4ef062432b2dc6e8407cf4599,恭喜发财币,EEB,2,100000000000,
0x057f0748b083dbef511a1c59c72325777deda4b1,null,null,0,0,
0x0583c197b1f22eab7a4e2f7fd47dcd83997a8783,ACAR,AlphaCar Token,18,10000000000000000000000000000,
0x05a09896be1886cfac70fb963375b90988d93267,UNION,Union Coin,8,250000000,
0x05baa2983658f593230b7d6656adb5c8a2c54c38,SNEK,ExoTown token,18,0,
0x05bb30a1f820add4772b44a808ee9024ce82b34c,VIRT,VIRT,18,1000000000000000000000000000,
0x05e85ce1a6e6536c78bcbd9fd9d479cdd0b04a98,BeautyCoin,BeautyCoin,18,7000000000000000000000000000,
0x0608928797ca4e13fc43e67c908a106d7c70bcee,NLF,NullCoin,18,999888777879000000000000000000,
0x061b8ebcd1d9babb7789de841bf277407749eac9,ECT,ECT Token,18,1000000000000000000000000000,
0x061bc9e24e79ecf9ac306b29868319b2319d88e6,ALX,ArchiLexCash,8,1000000,
0x064432e84f05094e3ed746a35ab9b7ab865fda5c,TRSTBNT,TRST Smart Token Relay,18,21708462817254200000000,
0x064921fd962bee65f639ba62bd7e7b34bd9ad6ba,DB,DB,18,10000000000000000000000000,
0x06771d1701159f5deeb530d2b52200f5fed9fea9,RUIWEI,RUIWEI,18,5201314000000000000000000,
0x0699eb04456688057974ddf9326dc52d8cb4bba3,TODO,TODO,18,10000000000000000000000000000,
0x06aad6c5c852e224b66ce5ee813ed3fb91e24d16,SHEEP,SHEEP,1,10000000000,
0x06d4da27befcd5714c2f6353bb2e178a4d20dcd0,ANKR,Ankr Network,18,10000000000000000000000000000,
0x06e0fa4dfe7e150f52c45674bbfb209431acc4ec,G,GLD,8,100000000000000000,
0x06e1100df8fb383a92957807cac5013345973f2b,null,null,null,3600570502,
0x06ff263b8e09476fb6c237488dc8420b3553d5bb,SR2,Legion 3,4,9000,
0x0712e1506f9bf1c66c8ba997ff1bf998a057d536,CCC,Coincierge Club Coin,18,1000000000000000000000000000,
0x0715ae61d4c06ebef19ea49fc13391a192256c51,SEO,TheToken,0,1000000000,
0x0740a37ac9418858b36163cc74c28e55acd9fdba,ELBT,elbit Token,2,70000000,
0x0747af71e2034bc2d2fcad388a264f5ccdff505c,BVC,BlockVentureCoin,8,10000000000000000,
0x0754320a3c6f6a2222b722030752cf5e0968181e,LUOT,luot,18,50000000000000000000000,
0x0755dd5e734ac0d1c1ad9f5e51a2b17b5e8b8365,Ic,International coin,18,55000010000000000000000000,
0x079d3af48c9d24c85a598df5105b1ac95764a8ca,HDM,hippie.money,18,110000000000000000000000000,
0x07c344edd719a356775e1fbd852c63dc46167b76,CBUS,Columbus Token,18,18000000000000000000,
0x07d69a4c54a7f5b66b8726ead8cf35e0e55ccf14,DAsset_1,XT,3,1000000000,
0x07e60b94b154fd7dd8ec32ff9665f2ffa9b5bf44,TCBT,TestCoinBondToken,2,10000000000,
0x08035efb6f7af629be3b079910fd6bb9b0b6a787,LTCOIN,LUOTUO,4,100000000000000,
0x0805928ace6ac1b52ace387b193a45944dcd8c7c,SB,SB,3,1000000000000000,
0x08373bfb21af5fc39aa1a3d8c9f66178bbeec7e1,兆京秭,萬億為兆萬兆為京萬京為秭,4,115792080000000000000000000000000000000000000000000000000000000000000000000000,
0x083df817fcc5673f9a2beed2ec089eca2a72963e,null,null,18,0,
0x0841a80818d1ac08f2af5b21de0cabadd283e396,SPA,SpaceToken,18,35999999999999900000000000,
0x084264c53fbdefd039af6b39e9d2bf86f7158445,WKC,WuKongChain,4,10000000000000,
0x085d99a92c30c6d7b7ccf6a219f9a0ca9a7cffff,LRG,LrGeometry,18,1000000000000000000000000000,
0x085e367af88f70ccb632fe7e7716d8381b8468d1,CM,CoinsMet,18,10000000000000000000000000000000000000000000,
0x0862e2dcaacc570fc886cb47096a2e6ba7e640db,JBT,Julian Beltran Token,2,8400000000,
0x0862fb14e336e8f4faa9f3ea0bba2dd10247d34d,ERCMO,ERCmoney,8,10000000000000000,
0x086c3a6c24bf90a9baf691d1255aa6d4312102e1,救赎,MaoMaoToken,0,66666666,
0x0873fb56e4c4e111a6fa42b423f28530566d0577,FBT,Facebook Token,18,0,
0x088bfb6ee9103de55d933f766527b400dd7b353f,MAT,MAOToken,9,1000000000000000000,
0x08c3b0b55908ee37253ffcfd55bb957aa870bcfd,ISM,Istrium,6,20000000000000,
0x08ddff9dfa7e00331602930148405b5ab7012872,CBT,CBTtoken,18,200000000000000000000000000,
0x08e47db4c9d2dd418057225ea39fd19a1eb77a01,MANU,ManuCoin,0,24,
0x08eb304123779295d9282bb759b675478f56b820,CHT(Chemtax),Chemtax Token,18,10000000000000000000000000000,
0x0910298ebfd2d9b7560af6ceafcd8dd397a7d462,XEC,XEC,8,50000000000000000,
0x092b3ff2b75104f6f583b27f966e10ccf8c2c685,CAT,Madcats,2,0,
0x093e46107fe04d22f84552cf224e9c42ba6fb6a5,null,null,0,100000000,
0x094614f22c71c830ffd1be8ac1fb62381dbebcab,CJT,cryptojoy token,18,10000000000000000000000000000,
0x094bf5e3669513ea3ac5c61eb8062d4de8d5b2f0,LSCUK,LSC(UK),8,100000000000000000,
0x0961ab89e7a6e557c30f30368480b55bc8fa41f1,ONLY1,The one and only,0,20000000,
0x096349c8c0c9e0dabf30ca256e860599ac5ee482,CB.cx,Chubb,8,3533500000000,