token_address,from_address,to_address,value,transaction_hash,log_index,block_timestamp,block_number,block_hash,
0x23b92f5568fc401b4123c9efc68a5ac541de530a,0x23b92f5568fc401b4123c9efc68a5ac541de530a,0xcd7642260fb84ce6d28730f6579d4f6ab26c8369,8,0x72289ba9424cb4554d182fb18324571437d474d9636aa77148066ffcb1361239,0,2016-02-08 10:24:19 UTC,972185,0x035a9080bcc5d1d61799c8905a65b9090733b25d42f4e89d4362223653c80f95,
0x23b92f5568fc401b4123c9efc68a5ac541de530a,0x23b92f5568fc401b4123c9efc68a5ac541de530a,0xcd7642260fb84ce6d28730f6579d4f6ab26c8369,8,0x63c316048c55f8dcfa1b36f51448b1a299e519d4d29df0dc249b3d1c51abdc17,4,2016-02-08 10:28:31 UTC,972195,0x08cb9d3f0e36ca3600a5aac4a9d5fe4d6dfa39f108603734df68e857f123a9f4,
0x3abb6f8cee367db4d709fcee18af4c03742c2451,0xa46fcc88d1e03f79e264ec48bcf05094401a6962,0x4e49a9d8d470a8dd4ebd2136f69d98f116d3e71c,100,0x33ad18b76526edf51d1a69b2ca5e6053f12fec72b79d299d088405bc112abc8d,0,2016-02-08 19:36:46 UTC,974135,0xd6ee8740273751a67d503932fbd2fbfa57db56f24fed573591f04cbadb78c041,
0x52d3fbd8fc248cb85d09fe300e932dd25c37c5f5,0x0abcd15242b37b8f90900f712ce492fea0ee15c0,0xce298469cd3b81d225e8b5fc7e2db0de3d40006e,750,0xab7482fdef90b705b0aa579115cc4dc05638f2d500cb2c06eb098f07221fc5cb,0,2016-02-08 10:52:26 UTC,972269,0x17bdb075cd946089138a5583bb4089832598b7aa383c7a63cf375ad7e9cd72d6,
0x6aa323340abd0f818b08145e56c20ecac25dcc32,0x4e49a9d8d470a8dd4ebd2136f69d98f116d3e71c,0x83985fc6a12fc5a7bbd88aa8d7e0f1bf48105bb5,27,0xe9c89f88740302759f0e9d2a8fdaea4c04f1e942136e58d632cc5ec29b449c51,0,2016-02-08 21:39:41 UTC,974572,0x248cbb5bda15a65a04686bb1e7638df9a22a10740c45dc3cf40d727c615c29d1,
0xa04bf47f0e9d1745d254b9b89f304c7d7ad121aa,0x60ca8cc989eb9ef854ceee545c101f9c877785f9,0xe9682b90edbea2a6d50199a32b159214bd38ced1,300000000,0xd8484c8dd9497a5487d67c7891e67d05ac2c6ecf8ba5b2bb861d400645ff13ef,2,2016-02-08 14:18:55 UTC,973035,0x7bed293569fb4d1b4761558633d9d39a1d34064bb2f256524bd03661b560ded4,
0xa04bf47f0e9d1745d254b9b89f304c7d7ad121aa,0x66366d2fea7606d19335c12ce84d9e5a191a60ad,0x960fd4050de1a7f757c03eda595e13869157a446,1000,0x0e1985dd12129535c43606bf8a8cc66dd226652574ac7b8ac8015ef9ee0f8e1d,2,2016-02-08 01:17:19 UTC,970275,0xc8b8a520d0c06dbadfe64be8c5813c2d30658ef00ac8835086428dab092c0582,
0xa04bf47f0e9d1745d254b9b89f304c7d7ad121aa,0x66366d2fea7606d19335c12ce84d9e5a191a60ad,0x960fd4050de1a7f757c03eda595e13869157a446,88000,0x04a3811d2a582f31efd097fb6032404c6eb981b9c626eab1e0829f9e85e33f47,2,2016-02-08 03:38:39 UTC,970781,0xb29bb6a308fe65eb2256860d1c51a085579cc3ca2f9dad67fc69c5465485aea6,
0xa04bf47f0e9d1745d254b9b89f304c7d7ad121aa,0x66366d2fea7606d19335c12ce84d9e5a191a60ad,0x960fd4050de1a7f757c03eda595e13869157a446,100000,0xcaf47fa051449ae8a43f145554c786d87374674dcacfa114827f6b0066a229f0,2,2016-02-08 02:02:01 UTC,970436,0x4f043cfada9b60cc0017fe8334da9c213044d12ec0afdf8acbd8709276d45fd1,
0xa04bf47f0e9d1745d254b9b89f304c7d7ad121aa,0x66366d2fea7606d19335c12ce84d9e5a191a60ad,0x960fd4050de1a7f757c03eda595e13869157a446,1000,0x4d617916b30aabf4f38715c02749f9e340c3f03c5cdd45bd60b10c5d88dcab0f,2,2016-02-08 02:46:57 UTC,970583,0xc83e6432549e936f8e7df54fe0ad2210acceccc2973bf58cbf15a20972f6172c,
0xa04bf47f0e9d1745d254b9b89f304c7d7ad121aa,0x66366d2fea7606d19335c12ce84d9e5a191a60ad,0x960fd4050de1a7f757c03eda595e13869157a446,6000,0x54a0539674d5f2d8e3348c625e7db453c31db2a527f83870e38162b7527d9ed0,2,2016-02-08 02:44:18 UTC,970572,0xb7afa9a91fc4e2a4ca73beec523b7dafb71e8acb64f186254a5a2f12cd43e73c,
0xa04bf47f0e9d1745d254b9b89f304c7d7ad121aa,0x66366d2fea7606d19335c12ce84d9e5a191a60ad,0x960fd4050de1a7f757c03eda595e13869157a446,1000,0x80178960c883ef301f358347de92eee0af501e9ac351f4ab7ea8429da5981f21,2,2016-02-08 02:45:47 UTC,970578,0x96dd957526cd2c572c9324dbd55867e620aa8df0b39ef0cfb65e03e9f5fddbb8,
0xa04bf47f0e9d1745d254b9b89f304c7d7ad121aa,0x66366d2fea7606d19335c12ce84d9e5a191a60ad,0x960fd4050de1a7f757c03eda595e13869157a446,100000,0x2e22bfd9458da470dddb1d92741f9257327e14d488ced87a0dc94fd690871336,2,2016-02-08 02:09:46 UTC,970466,0x1ba87c340870317e1f0a2e2f27b17f3dd2a516d1c58ff9a21a540e9bb4259080,
0xa04bf47f0e9d1745d254b9b89f304c7d7ad121aa,0x8925beb7cf8357a5853f1927c3645480869c3cd6,0x913438389be0b3bdd08e812ecde9be9a6c17864f,600000,0xaff3ba5e87fb0670527da42515038f8a1ca276c7b0367bc3c105323d5e5c78db,2,2016-02-08 04:42:12 UTC,971007,0x186e204edf8b554b0216bd9d49e842299d396be9c24f88967f077c973df01863,
0xa04bf47f0e9d1745d254b9b89f304c7d7ad121aa,0xe9682b90edbea2a6d50199a32b159214bd38ced1,0x60ca8cc989eb9ef854ceee545c101f9c877785f9,225000000,0xdb5591259e18b6fdf24caf907a9b2cac9c8bce01459b8485ad90bc0cc4a40b25,10,2016-02-08 14:20:27 UTC,973039,0xd70e6f8dff324d959b73e4e436786a086c721e23349ecb9ce1178b2fdd5269f6,
0xa04bf47f0e9d1745d254b9b89f304c7d7ad121aa,0xe9682b90edbea2a6d50199a32b159214bd38ced1,0x60ca8cc989eb9ef854ceee545c101f9c877785f9,75000000,0x74af0ad18a427724fc2bdd796171e3c409c7dad34e13b7139798da249b0820ab,2,2016-02-08 14:29:30 UTC,973066,0xd8e9f15fe139de535a1f0e8010a32d34005cf3abad34362e70e82ccfb03bc355,
0xc86d80c114957b4cf82e8ce87e3f55217688c56d,0x3310ece233b86ea762776dc4aba61f9b9706fc7b,0xc86d80c114957b4cf82e8ce87e3f55217688c56d,100,0x16a79b9f98f151c496805c8cf42e03a107765f2d8b2d402b88d760cd0cf57f8a,0,2016-02-08 16:25:06 UTC,973504,0xaf519d4721df67c6e5d475dae1edcc783ae953fd5d9e2cb9669e858d17cc8103,
0xc86d80c114957b4cf82e8ce87e3f55217688c56d,0xc86d80c114957b4cf82e8ce87e3f55217688c56d,0xcd7642260fb84ce6d28730f6579d4f6ab26c8369,7,0x9eb4a271ff99aa1a6bb0844ae74f4973a2509d66d521ba106f3a0f4d2a573640,16,2016-02-08 16:30:18 UTC,973522,0x25594f5a14f83f8b5edd3d697a18a29e59f39ecaf50d9ab057e6446a9aab7817,
0xc86d80c114957b4cf82e8ce87e3f55217688c56d,0xc86d80c114957b4cf82e8ce87e3f55217688c56d,0x3310ece233b86ea762776dc4aba61f9b9706fc7b,1,0xe26127acef9c7763aceb56102d4dcf2d18182506b4023009cae0900ccfcf40d2,12,2016-02-08 16:20:21 UTC,973485,0x440ccc5613b6a4776bfd8b73668a792696038fc0fdf5496a81599f4597df2c79,
0xc86d80c114957b4cf82e8ce87e3f55217688c56d,0xc86d80c114957b4cf82e8ce87e3f55217688c56d,0xcd7642260fb84ce6d28730f6579d4f6ab26c8369,5,0x481e902a9e8486c6d34e1e1fac8df145a871728cb752119b717f79e00cf6f59d,0,2016-02-08 16:26:57 UTC,973509,0xd835565f97124505b440d8cd9e4a4be751b11b723a9687e5c6a45a0ccadfce86,
0xc86d80c114957b4cf82e8ce87e3f55217688c56d,0xc86d80c114957b4cf82e8ce87e3f55217688c56d,0xcd7642260fb84ce6d28730f6579d4f6ab26c8369,2,0x2eb768cd48c064ab9e3adee3f7e6b6a2d919f0cb3ad684adc7cc53ded3907eb2,0,2016-02-08 16:22:53 UTC,973493,0x5c2d23262a377b6670d9c13a4495ba801fb08183301aac70eb11d1229d9e15e6,
0xc86d80c114957b4cf82e8ce87e3f55217688c56d,0xc86d80c114957b4cf82e8ce87e3f55217688c56d,0x3310ece233b86ea762776dc4aba61f9b9706fc7b,6,0x0c4b71bd2d111d2da958114f415a10d85d5f36e6f8f96de3ffa86f53d04ba22d,0,2016-02-08 16:27:55 UTC,973515,0xf2167f5860f909c959f0c5cf8f80bab4f1039919fd10c0b64c0fdbc7820fefb4,
0xc86d80c114957b4cf82e8ce87e3f55217688c56d,0xcd7642260fb84ce6d28730f6579d4f6ab26c8369,0x3310ece233b86ea762776dc4aba61f9b9706fc7b,100,0x7e9476d63d506d947aa412f029a08a1b2b25ff542d191314956d63137be83a55,4,2016-02-08 16:25:49 UTC,973506,0x14860e563198d2b335ba895a1fd1fe45c7e439f8f5d2acb1519a2da50b527860,
0xc86d80c114957b4cf82e8ce87e3f55217688c56d,0xcd7642260fb84ce6d28730f6579d4f6ab26c8369,0xc86d80c114957b4cf82e8ce87e3f55217688c56d,1000,0xa9fb18f2e3dd7d28bedf786f8dd03ea42dd6100a42acd05651e0abb2e88567f7,0,2016-02-08 16:31:30 UTC,973526,0xa469ef6db8f7dd99e8cdeef6fbb6e0792025348aeca5c0ad639af19d7409ee4d,
0xe6fe45f04b964a1b63236231ac1e2ea718233236,0xcd7642260fb84ce6d28730f6579d4f6ab26c8369,0xe6fe45f04b964a1b63236231ac1e2ea718233236,1000000,0x2c5481c4c7ab1850234e1c28fb010070c9494b542b708307168322ce9af8ecd5,0,2016-02-08 09:24:15 UTC,971987,0xe36362e662c3e2bd32052d5a93086025e4a090f591b5f782798ed552018820f9,
0xee6760ea173d858cd0434b9d5bbd5e9443311e78,0x3310ece233b86ea762776dc4aba61f9b9706fc7b,0xee6760ea173d858cd0434b9d5bbd5e9443311e78,82,0xef5bc0ae5f53900a704df0d679ea9258e9c1ea62dab8b4cdfc39c0844601ffba,0,2016-02-08 15:52:01 UTC,973374,0x888d2b8846b97a0585c4847f460ddf6e457852aea486d720769d46ec29cc3907,
0xee6760ea173d858cd0434b9d5bbd5e9443311e78,0x3310ece233b86ea762776dc4aba61f9b9706fc7b,0xcd7642260fb84ce6d28730f6579d4f6ab26c8369,40,0x7604daab571e6b7eb01b1b0d510bf1d43a5b5e3dae72f1ff419784ba1e6ad776,4,2016-02-08 15:57:33 UTC,973391,0x0d31adebb45ec2af4456d8d5135aa8d0d4f50ded78a692647441930aa2e48fa6,
0xee6760ea173d858cd0434b9d5bbd5e9443311e78,0xcd7642260fb84ce6d28730f6579d4f6ab26c8369,0x3310ece233b86ea762776dc4aba61f9b9706fc7b,82,0x6d735931fbe0a8eb6bf4d63f18d28a788c507538ccc5d34abe7e73569ffd3ba8,0,2016-02-08 15:50:46 UTC,973369,0xe974b864c764d288be1850a65fd45bb302f61277c2db513a323d8a699e159915,
0xee6760ea173d858cd0434b9d5bbd5e9443311e78,0xcd7642260fb84ce6d28730f6579d4f6ab26c8369,0xee6760ea173d858cd0434b9d5bbd5e9443311e78,40,0xa6afb709acbd11450342df5b22309f0eef4897b8c8ebcd137a4bb4a52b68f952,16,2016-02-08 15:59:58 UTC,973405,0x195775d21582e3599b7f670f8c1e129ceaa69df813c3fe9f3a67e1d83be7e7ca,
0xee6760ea173d858cd0434b9d5bbd5e9443311e78,0xee6760ea173d858cd0434b9d5bbd5e9443311e78,0xcd7642260fb84ce6d28730f6579d4f6ab26c8369,82,0xada18874d7cabc0d0c667c8e66ad95306ed1473e95b3eb0208f23e73f99bcf63,0,2016-02-08 15:44:40 UTC,973341,0xc63cc7bfef6d2165688afd6593609447880a3a13f1ced85c11de6520da06f213,
0xee6760ea173d858cd0434b9d5bbd5e9443311e78,0xee6760ea173d858cd0434b9d5bbd5e9443311e78,0xcd7642260fb84ce6d28730f6579d4f6ab26c8369,82,0x46762fede53c0a3122fab3189554009dc3988e48d9c91b1e699ce94cb5d3b78c,4,2016-02-08 16:03:14 UTC,973422,0x6a66889483a34d13437e3a062b87fe9b80b5984c97cdbe5387baf4f576f7e7ea,
0xee6760ea173d858cd0434b9d5bbd5e9443311e78,0xee6760ea173d858cd0434b9d5bbd5e9443311e78,0x3310ece233b86ea762776dc4aba61f9b9706fc7b,82,0xf91f6bd91665f17c033787dcab70f712a64ac2d74df0a03e979fba9053a242f0,4,2016-02-08 15:54:43 UTC,973380,0x54bae2b008584672c4cef8ec521ba3c8f801faad9e1e956a627dc9d39efe5299,
0x016dcbef5fa51f354064d505288f3908d84b6411,0x2a98293115f30bfa0081aa31446bd3edb3ee1d1e,0x49a4f9bfebd0c5164869cebb3d0062daa4039dda,5000,0xc804d0cd652e6c7a43c9f6fd05016f529ebaf9eaaf08fdf728f0f46d50c9553c,8,2017-02-08 02:53:33 UTC,3143122,0xdd08ae41291157eaa4df5621edda667ace13c9d9d3f2bd883cbffc92ef0ca3da,
0x016dcbef5fa51f354064d505288f3908d84b6411,0x7b06ca7c5b0c1a8849237d53c9935b7eaa61263d,0x2a98293115f30bfa0081aa31446bd3edb3ee1d1e,13000,0x6341f3bb275314929569252fadc2ad0d848960fb330af6d72a7d8ae2cd36505e,25,2017-02-08 02:17:40 UTC,3142978,0xd679878294640d5ee7b71a10d6bfddbbc0c9b5217d1d65419435c3e49ca8e3ef,
0x016dcbef5fa51f354064d505288f3908d84b6411,0x2a98293115f30bfa0081aa31446bd3edb3ee1d1e,0x746a2679e0f3bbf13ffbdeb87ca40014e47c6dd7,23000,0x5077b56f69318a6db67a75706306979585a41ddd590431f0505070a7ef170a45,0,2017-02-08 02:25:50 UTC,3143010,0x6f71c4fc895899db675e70e9abba6325cf12f39c5408d75417ecce8c1d6dce18,
0x016dcbef5fa51f354064d505288f3908d84b6411,0x2a98293115f30bfa0081aa31446bd3edb3ee1d1e,0x228b2f0632027f76b41dc40c6e3abca5c107a878,1000,0x5e3506ca37d04afdce0047be947539b2ec64881f0109b2623cdf35f2dd023310,0,2017-02-08 02:40:44 UTC,3143073,0xd95d79ef33642499a89ca5eb4bb99c1765444fde88efd92288433c27aa507389,
0x016dcbef5fa51f354064d505288f3908d84b6411,0x2a98293115f30bfa0081aa31446bd3edb3ee1d1e,0x3ba2b21ecef268fcfacf0f68fa101ef74403a15a,5000,0xa9ed853fce6075a078ebbb4c36306ac1f40b97728944117028313255b605998c,0,2017-02-08 02:55:53 UTC,3143133,0x9817d70cd0397c14c272ae6600d6064c79919c53cad0feb9712294ef77a5c847,
0x016dcbef5fa51f354064d505288f3908d84b6411,0x2a98293115f30bfa0081aa31446bd3edb3ee1d1e,0x87f63c3d72e00737e655c063e91983257834edcb,26000,0xa76f204154dee86954f57505a2135e73446e6218b67270f245195f31a00de487,4,2017-02-08 02:42:56 UTC,3143075,0x2332af1dd7c6cd3fe77b912070943ac9df79a25e96081c0a3f6bd3c6c59ab7c3,
0x016dcbef5fa51f354064d505288f3908d84b6411,0x2a98293115f30bfa0081aa31446bd3edb3ee1d1e,0xcc45585b4905846b890b30e0a3e772b7f9df7457,14000,0x2e5d8764f5b345bbbad585f48503e98ade37ecfd34715f9c71477f1761adce5e,6,2017-02-08 02:42:56 UTC,3143075,0x2332af1dd7c6cd3fe77b912070943ac9df79a25e96081c0a3f6bd3c6c59ab7c3,
0x016dcbef5fa51f354064d505288f3908d84b6411,0x2a98293115f30bfa0081aa31446bd3edb3ee1d1e,0xc0d3727d95e04d37d03e754eea5cfeef8c8b789c,3000,0xdabe6c79fe540910510d9468dd41ae0c65cd965d8f0ecfad830b55b8ddeb3f31,5,2017-02-08 02:41:46 UTC,3143074,0xd31e69d5e712b905ab6aef781d7f59459c2aef6a6f72bee4bbb7fd49edf0a4fd,
0x016dcbef5fa51f354064d505288f3908d84b6411,0x2a98293115f30bfa0081aa31446bd3edb3ee1d1e,0x271c11557b20a1f264fd74af9bb01e10d6da043d,1000,0x2ae935cd7b7327683cdd0485cf4e45c7cb3a85fbdf697efdce3b91ece31c2c02,1,2017-02-08 02:41:46 UTC,3143074,0xd31e69d5e712b905ab6aef781d7f59459c2aef6a6f72bee4bbb7fd49edf0a4fd,
0x016dcbef5fa51f354064d505288f3908d84b6411,0x2a98293115f30bfa0081aa31446bd3edb3ee1d1e,0x271c11557b20a1f264fd74af9bb01e10d6da043d,2000,0xf7202636609b93b7d6fd849582ca6785c1c76c676936efd69eb32d1b7e718420,4,2017-02-08 02:55:27 UTC,3143129,0x684583a38818636c0a54097819dcf2a617544b3ef88da713255e4f02ac765f14,
0x016dcbef5fa51f354064d505288f3908d84b6411,0x2a98293115f30bfa0081aa31446bd3edb3ee1d1e,0x6f18b7ba092f4641a03e624ba399591298ea6e4a,5000,0x6ae72b287bcd11f1a195b946a2ec3f8825d0babea1b57b1d46be2a3a0983878d,4,2017-02-08 02:54:32 UTC,3143128,0x6583e7ce0ca7dac25b4866ce13353848b23b33e63e5444140809bc6c15658428,
0x01afc37f4f85babc47c0e2d0eababc7fb49793c8,0x1cddd700d327ac29f5053fd219f9ac77112a12e7,0x3e6288bc299dac35d293949e08faae61547d297d,500000000000000000,0xa2d15791ef0e9d6ba4f3347d947037dc1eb18d896c722adc6ff505ac055f5416,4,2017-02-08 02:01:28 UTC,3142907,0x1e7ea8a0bfd80eadab6ae7da63f649dd6e8b64735723dca557a381ffcd6c2920,
0x01afc37f4f85babc47c0e2d0eababc7fb49793c8,0x286ff78b23407f502da3e99606bf2c5033f871b5,0xa1b5eedc73a978d181d1ea322ba20f0474bb2a25,16303508150708500000000,0x0517e621878b563919120896c5804ab6a05fd176f317e2d270357a74b1ddfb4e,1,2017-02-08 07:45:12 UTC,3144357,0x110d198c49d6aa9d8c9b250b3a49f7e05004f86b648ad3fbbe6c0cf8bd4c6943,
0x01afc37f4f85babc47c0e2d0eababc7fb49793c8,0xa7c2c774a692d20ab191f7fe0db66ba72157cf9b,0xa1b5eedc73a978d181d1ea322ba20f0474bb2a25,243039000000000000000,0x5aa685ee11c14d302618d4b81b7248b83643b96224395f5cd419457a420a39ac,2,2017-02-08 03:31:40 UTC,3143272,0x58ee1bcb17ef832eaae1ff4c3250e862d148ed8aea4c788bfa5fbfa85bc31473,
0x01afc37f4f85babc47c0e2d0eababc7fb49793c8,0x0092fe4d0cd62aae879f4a8ec5ebe649fac240b0,0xa1b5eedc73a978d181d1ea322ba20f0474bb2a25,5536217654825210000000,0xcc396f7a0fcd72a6974d41fc662879f89d8f18ab7c535ef86d72c95303e68c9b,2,2017-02-08 11:28:34 UTC,3145267,0xf2f872086784ffc1d7e9c7e6492629702c3c1be5c542802129b44dae1fff797c,
0x01afc37f4f85babc47c0e2d0eababc7fb49793c8,0x0092fe4d0cd62aae879f4a8ec5ebe649fac240b0,0xa1b5eedc73a978d181d1ea322ba20f0474bb2a25,40000000000000000000000,0x7195d5e583077483c4858e678f7833e81b223bc179086b6b84ef6ff757561f77,2,2017-02-08 11:29:40 UTC,3145273,0xcac2552952c47f40a533f87794e6e0117b609592129c723d3a05d86440d7af5f,
0x01afc37f4f85babc47c0e2d0eababc7fb49793c8,0x1cddd700d327ac29f5053fd219f9ac77112a12e7,0xa1b5eedc73a978d181d1ea322ba20f0474bb2a25,200000000000000000000000,0x1d23153cdb8d0efc63ba54cb609b27a4a300cf517774cea647fe53277c0d8674,2,2017-02-08 05:03:14 UTC,3143645,0x3d5888628c340b1187e4aaee55416d362e332a96340043a3c0030b8c4515f516,
0x01afc37f4f85babc47c0e2d0eababc7fb49793c8,0x0092fe4d0cd62aae879f4a8ec5ebe649fac240b0,0xe89c092468afcf8728aa8843feeb8eaab539f2ba,635661971830985000000,0x21d21eb39283a0d786c5e9f9ec29c4d157c19837ef5b8d6785df165d57cc6451,1,2017-02-08 21:00:27 UTC,3147704,0xad64440dfef154657f35281b4cfcce29aed669e313efa450f822038a303424c2,
0x01afc37f4f85babc47c0e2d0eababc7fb49793c8,0x0092fe4d0cd62aae879f4a8ec5ebe649fac240b0,0xa1b5eedc73a978d181d1ea322ba20f0474bb2a25,5536217654825210000000,0xf01d53a1bee178430c10cbeb94d4a0c9ba6ea7bdad04a3261d067f1e44ed1836,2,2017-02-08 16:40:46 UTC,3146626,0x315cc5bf0c210506d21438a679a6c091d3c7e2d743f7b79d1295762db0527bc9,
0x01afc37f4f85babc47c0e2d0eababc7fb49793c8,0x1cddd700d327ac29f5053fd219f9ac77112a12e7,0xa1b5eedc73a978d181d1ea322ba20f0474bb2a25,100000000000000000000000,0xaafd84295725a8a39df4e327ecec8d739cf7f34cae1b615b6afeaaab5299da33,20,2017-02-08 04:58:39 UTC,3143620,0xf8a4f9b5f4c2798dcaf0d01632c92888aa6e9f3865bdc713258ed66da10f048b,
0x01afc37f4f85babc47c0e2d0eababc7fb49793c8,0x00ec91ca58c06dfde5fda04f01a00c67bf539b7d,0xa1b5eedc73a978d181d1ea322ba20f0474bb2a25,7934876080000000000000,0x94c54c3e7bd7ae08f02668ee0ff55f23881eaea897b4961d76bb2a29848e5f94,3,2017-02-08 11:35:49 UTC,3145309,0x8544a0857773dd85a2d6b2b7e2e5c1c86c010838d950e8598dde575c541e1818,
0x01afc37f4f85babc47c0e2d0eababc7fb49793c8,0xaf9e08f3020e624c945cc446e8759602049cb176,0xa1b5eedc73a978d181d1ea322ba20f0474bb2a25,4000000000000000000000,0x3e714627cbc61ec76af3b156f3f1384b6b66846c3603e032f7a0870ee257dc66,0,2017-02-08 01:40:50 UTC,3142826,0xadb49ce4bf98799b44fdd39e34f35801f59da4e89f59b8765a0dabb36aafd157,
0x14f37b574242d366558db61f3335289a5035c506,0x2b9cac2253d8c6be41e895b35a023821bba3b37b,0x3fd8040de7b0b3b08e744052835655072eb4e774,244817000,0x58187b4625fec1ad49da7d23659243af44d4ffb0eec34dff9db5622453412d2c,0,2017-02-08 06:38:56 UTC,3144082,0x5b76bcc1d1e62d2475be89b38c6dd9fb004c4110b5b3bdf388b07b28c7456b38,
0x14f37b574242d366558db61f3335289a5035c506,0x2ccc5a059a1bda4c3c3c594516e812a0b15799c9,0xd396674aba722c168174d3e4b6578bc576070b96,764516000,0x7608e5364084318e0afa1d890926d1be056a23c2a3f12eaae5cb3df137cd4d47,0,2017-02-08 06:43:14 UTC,3144099,0x092cc7a39279a2f54b2614ae8af8592efaf40b7c5360d56b1b4aca2669be216c,
0x14f37b574242d366558db61f3335289a5035c506,0xf476e1267f86247cc908816f2e7ad5388c952db0,0xdbea4a177681c1590d0a887ede5438d7cba67499,10000000,0x3c515fe4e333092c276296f42a96bad56f10772d8fb956561233bc9d6231b58a,0,2017-02-08 01:32:04 UTC,3142790,0x3809579ae53e69b82c66d630e69f021697f04516c09c85fca364457fa53360a4,
0x14f37b574242d366558db61f3335289a5035c506,0xd396674aba722c168174d3e4b6578bc576070b96,0x2fcfaa0be7b8759be99ffe101a4aea773d6c6bda,262883000,0xce7dd91609353d70c1d9f34796badad2e0e03d6044f70c565981a8bec1e71b6e,0,2017-02-08 06:47:11 UTC,3144118,0xa43456626f3875083b918fcf80b8e81e891df1e3c56f52f7dfdaed85a1549cf2,
0x14f37b574242d366558db61f3335289a5035c506,0x8a09753e40b46525b043682dbe5a4eed018dcc25,0xfbb1b73c4f0bda4f67dca266ce6ef42f520fbb98,329139,0x78a9c275bb595960c78e1e2f9383757b0a570818a966df75e9bd7cbbaae06435,0,2017-02-08 20:46:39 UTC,3147642,0x1a0a090f0b2acc912d23d2e9c90144a661ab6ee190b3fe48260e2465b92afb6b,
0x14f37b574242d366558db61f3335289a5035c506,0x342e62732b76875da9305083ea8ae63125a4e667,0xf8615b256cdd36b9882de58a1978dd62ea7574e2,73847000,0x1ea33e3c2816d8fc6bcbb71e2f63796047516a065b1d7a334eb5e566d52ff9fb,0,2017-02-08 09:14:45 UTC,3144713,0x3539e817189a7b993b0269bc6ea23c62cc40e3bcc101e279d861374390923e5b,
0x14f37b574242d366558db61f3335289a5035c506,0x69ea6b31ef305d6b99bb2d4c9d99456fa108b02a,0x8a09753e40b46525b043682dbe5a4eed018dcc25,3529,0xdde32a761ff11550c1993801ea841ddf8bff5bf0c345b0d4c18a635a69978135,42,2017-02-08 20:44:53 UTC,3147632,0xc1ab62864d94dfe8b3340b373e9013296f782b06207e9e28766a01e86f1a9f89,
0x14f37b574242d366558db61f3335289a5035c506,0x69ea6b31ef305d6b99bb2d4c9d99456fa108b02a,0x8a09753e40b46525b043682dbe5a4eed018dcc25,325610,0x04d71c80c5f138bab12ee1521c7a8e60cb530ec03bcae67ec226561b65c2d8a1,1,2017-02-08 20:44:53 UTC,3147632,0xc1ab62864d94dfe8b3340b373e9013296f782b06207e9e28766a01e86f1a9f89,
0x14f37b574242d366558db61f3335289a5035c506,0xdbea4a177681c1590d0a887ede5438d7cba67499,0xfbb1b73c4f0bda4f67dca266ce6ef42f520fbb98,10000000,0x74996a618fc3c6e0027073fcfb1cc0cb05edd6c12975a4d67f7b3369b3310dc0,6,2017-02-08 01:34:59 UTC,3142801,0x537d12e7b37a34577bfa331c7843cd9fb0b5053fe22eecf17e194d24785963f0,
0x14f37b574242d366558db61f3335289a5035c506,0xf476e1267f86247cc908816f2e7ad5388c952db0,0xf54d672e7375e507515840bba3f0f1e2ecea1209,10000000,0xcf7411de3217af3620a9742a4b1ce67e9aa9b74d5571a0e0eb927756bdf1713f,0,2017-02-08 01:49:13 UTC,3142852,0x49b66a76ec4de00249fb3c5bcbc90c164be9fdf34cf8bf392fa0b3d47b3d0f8f,
0x14f37b574242d366558db61f3335289a5035c506,0xd396674aba722c168174d3e4b6578bc576070b96,0x42054784c8acc0c6e90e2cd53ec25c607c1d8e37,229400000,0x8e4ecba059f6d37680963428e6ad62044905af6980fb350cf1bb9809e7407ea8,0,2017-02-08 06:45:43 UTC,3144110,0xfef595ffc5c5be000e051155d1914423406ee47182f2d21c36c9865a10052a49,
0x14f37b574242d366558db61f3335289a5035c506,0x1c3de2ac939e2f4940fc1823faa6ba071a26b88f,0xfbb1b73c4f0bda4f67dca266ce6ef42f520fbb98,10000000,0x10a169f3df9eaf33b842ccccf06549ca3becd000d7f7858135cee177af1e74fe,2,2017-02-08 01:12:28 UTC,3142709,0xd28423a44e2247d567afd38d8a69dc7472ff5b26d089d23de6f0553c440d3cb6,
0x14f37b574242d366558db61f3335289a5035c506,0xf476e1267f86247cc908816f2e7ad5388c952db0,0xf54d672e7375e507515840bba3f0f1e2ecea1209,30000000,0xa83aede9462bb9ac3763616b6065f8df32191f6a4211f77494e9504e28bfd51c,0,2017-02-08 02:11:36 UTC,3142955,0x3d5d62f5d287575a61cf331dd7a0d892955f31add030b32bdb65309353d38823,
0x14f37b574242d366558db61f3335289a5035c506,0xe3850dd2d3ff90c490723fa5266dd535bf262b60,0x1c3de2ac939e2f4940fc1823faa6ba071a26b88f,10000000,0xff6ce6eb4cba71284bee31b1e8c75d6ad6379856161607e9d380004f0dec225a,0,2017-02-08 01:10:21 UTC,3142701,0xaf41c34d1013f1f66551d50b93d6f8c9c4f58d8497325bed1a4138ce0da1afed,
0x14f37b574242d366558db61f3335289a5035c506,0x69ea6b31ef305d6b99bb2d4c9d99456fa108b02a,0x3179002cfcd5c4f65e7a8ed5ef27d1d1106cc673,49499900,0xcb8bce458aa08c750d270ace9671f147854d72deebc60a56fd13108d8468bf0c,4,2017-02-08 00:13:47 UTC,3142455,0xf3bbe6ca5dff85bf0fd017ed3b0feae5236809fd8650b5e3feeaa778276ae50d,
0x14f37b574242d366558db61f3335289a5035c506,0x2ccc5a059a1bda4c3c3c594516e812a0b15799c9,0x2b9cac2253d8c6be41e895b35a023821bba3b37b,501667000,0xb60d0e66de78beac4def0a3dd0febd1027c93eb72bf9e22fd936c2ae74089e53,0,2017-02-08 06:34:12 UTC,3144061,0x9e510e2f1bb9221c1d7b75f57cc3c6c55a19d4c75e85c590e441b7e725187be6,
0x14f37b574242d366558db61f3335289a5035c506,0xf476e1267f86247cc908816f2e7ad5388c952db0,0xf54d672e7375e507515840bba3f0f1e2ecea1209,3000000,0x4cc10d127310b8157373ca156ce85672602e6b7b94655a983c5460f291be420a,0,2017-02-08 01:25:39 UTC,3142763,0x8d930dc5bb9c4bfe3ea4a7d0273e0f8570bf3849b65ac3e67392e4626981fe20,
0x1d6f14649faf8dfc8a2704315cd096e1fa349019,0xb9f06eaea4772957beea93c523530bf455924afe,0x7453c2418d6b3a475a750022ccd01f378d60fa95,1000,0x15a65e5f0cd559544a15628366b7b73290bac1fca6a2dfa9f98d12aeafb97b47,2,2017-02-08 11:00:12 UTC,3145165,0xea35955e9b1078b9434aa8fa759470946702888fc8c08be29ffcc065e92fbc40,
0x1d6f14649faf8dfc8a2704315cd096e1fa349019,0xb9f06eaea4772957beea93c523530bf455924afe,0x7453c2418d6b3a475a750022ccd01f378d60fa95,5,0x15a65e5f0cd559544a15628366b7b73290bac1fca6a2dfa9f98d12aeafb97b47,3,2017-02-08 11:00:12 UTC,3145165,0xea35955e9b1078b9434aa8fa759470946702888fc8c08be29ffcc065e92fbc40,
0x1d6f14649faf8dfc8a2704315cd096e1fa349019,0x7453c2418d6b3a475a750022ccd01f378d60fa95,0xb9f06eaea4772957beea93c523530bf455924afe,100,0x84572fe6783b76565a84c4f4992be435f276676dc7bb1ab5b116fe0a8301bc5a,1,2017-02-08 10:56:55 UTC,3145155,0xa050e9dd0247c03a44dd7cbb375adc8bff9fbc061aa1107d613d456219c3ce72,
0x27dd8e8e687b66c4046045c7c0795743580b384e,0xafc82763cc8494332c020640d47e5364a1db678c,0xdc6229ee7b6ff4dc195c3022e16dd79a30b02b80,1,0xd648e293bf12e2808fd81613a443a2312b8e703404658427520eb256fc87db1d,3,2017-02-08 10:38:10 UTC,3145074,0xe51f95f10664403d3a4c8193c9e5879b1cfc8f3c3df84a08304421a992fa1618,
0x27dd8e8e687b66c4046045c7c0795743580b384e,0xafc82763cc8494332c020640d47e5364a1db678c,0xdc6229ee7b6ff4dc195c3022e16dd79a30b02b80,1,0xe1f1e4fe0a241f9e7eccc570acb9bd59c61cdbc66573aac7df732a04b8511043,5,2017-02-08 10:42:49 UTC,3145092,0x3b8141cfc72bace8ef87e51543e7626d5049970bc83a1bfe64d1098336feb809,
0x27dd8e8e687b66c4046045c7c0795743580b384e,0xdc6229ee7b6ff4dc195c3022e16dd79a30b02b80,0xafc82763cc8494332c020640d47e5364a1db678c,1,0xe1c324d20b27df15cd870bdcb39550c54edc81c0b72d6db60900de8910585e30,4,2017-02-08 09:38:01 UTC,3144810,0xaa899311a66aace9b979b18ff7b499c9c815b8d983f7493effba59c43b006d29,
0x27dd8e8e687b66c4046045c7c0795743580b384e,0xafc82763cc8494332c020640d47e5364a1db678c,0xdc6229ee7b6ff4dc195c3022e16dd79a30b02b80,2,0xf451ca87c0df287accfb95bf7dcbb0f0a0924cd529cf0c690b49351bcca4bf02,55,2017-02-08 09:40:40 UTC,3144826,0xc987f01e616825a98869e51c457ebec8cb7661502a1c5be64e7c09076853bbb6,
0x27dd8e8e687b66c4046045c7c0795743580b384e,0xdc6229ee7b6ff4dc195c3022e16dd79a30b02b80,0xafc82763cc8494332c020640d47e5364a1db678c,1,0xad7ea36f90974132c2e8985ec48c8f850cc1be175f164483eeaf0d6b9616e084,2,2017-02-08 10:31:03 UTC,3145043,0x66398cdff8a83878467d48de76e2b19370c822ed9548abdfdc061db83bd66aa3,
0x3104f49b05e21053f071fdddd4de82a236b90fe7,0x9080435b1b0b521635affd713a97a01c90857b5f,0x9080435b1b0b521635affd713a97a01c90857b5f,111111,0xb3b19de073c8776609bd341469447657f2656ddc70f6ec56fd6ad398a16c9746,0,2017-02-08 13:46:17 UTC,3145862,0x13233ad5cc536c590b9f8b3977c3cf3e6e5f8f6f00037fa760712b5669082e0f,
0x3c261ecd5e731e463a0ff434f1beb30fc55ec840,0x2201068be2fafc281dbef45b1b51337868815cc9,0xc2b9a8f5f54273c0c1db3dd84fdad43d20473123,95,0xd6c1c0e7bb93486e3d82ec21b5ec7be09659930b0cfc81d1cf3657d2a4437569,4,2017-02-08 18:39:04 UTC,3147096,0x813864bc490df6278a162eb0c0fce87e212a7133e08a97f40764ab3a21ab9314,
0x3f9c2a62b16bb7c72ae0e3a2d2d98e2b1c1f074e,0x7453c2418d6b3a475a750022ccd01f378d60fa95,0xb9f06eaea4772957beea93c523530bf455924afe,1000,0x15a65e5f0cd559544a15628366b7b73290bac1fca6a2dfa9f98d12aeafb97b47,1,2017-02-08 11:00:12 UTC,3145165,0xea35955e9b1078b9434aa8fa759470946702888fc8c08be29ffcc065e92fbc40,
0x4429ad3d60721fe71afe62684ed6492ae4363326,0x64cd24e0f3d2527bfa127caaecef419857d1e68e,0x4429ad3d60721fe71afe62684ed6492ae4363326,137000,0x8b30a07e320d8527b02a229dc177fef9f7397ce8f12e792dc164b860dfe236d9,3,2017-02-08 01:47:34 UTC,3142844,0xaa58d62d4411ff6778f5b712b62ce749ddc4e8c0fbd6428e59276419624a5f7c,
0x45e42d659d9f9466cd5df622506033145a9b89bc,0xe8200511f3c276fa7300719f9b45301bc471f4fb,0xfdcc6ae873e81546ab266bbc8419889f0fda646b,3000000,0x67c0c8d2dc09bde88ad861bdc16a9072f1e49b05b3976d72bf4d6c500162e141,1,2017-02-08 15:14:44 UTC,3146264,0x20cb7f495c3c18a499d61d04e682bb443aa07818f3b24f0870270d2b3715b53c,
0x45e42d659d9f9466cd5df622506033145a9b89bc,0xe8200511f3c276fa7300719f9b45301bc471f4fb,0x0000000000000000000000000000000000000000,3000000,0xb5500d25e2b155b368a49a52ae115d9ea614d381f50c0b79d8b736b208e8fc1e,2,2017-02-08 15:13:21 UTC,3146260,0x00d9bd8d27d2ca775f2848b237be9ad0f82e02a304be6b33026cb7bdb2ec56cc,
0x48c80f1f4d53d5951e5d5438b54cba84f29f32a5,0xc9216db1e99c81e36f8f0f778da7ac3f56cee68a,0xb2d955733e6a470533f68f72d0af442070f24f55,15952715320000000000,0xe0c59f8d600a44ceb48c679bf81932ae601968f64d18cec0236951c462828027,0,2017-02-08 08:57:41 UTC,3144639,0x583ed35490da31327427d9b78c4c9f996345d9ea235daf46ca6dad7a4caae2c4,
0x48c80f1f4d53d5951e5d5438b54cba84f29f32a5,0x460be6ed3f862360f6d7c85bf3a5af759a7a0f23,0xab11204cfeaccffa63c2d23aef2ea9accdb0a0d5,496290000000000000000,0x8a221f65b5bb9cac4824219f885d1a37b93b59f654153b87babb9c371fdba148,0,2017-02-08 14:27:05 UTC,3146055,0xc4e38572de3cd811f695f58b5edb455ac83cfe463af698c269af91043d0b2192,
0x48c80f1f4d53d5951e5d5438b54cba84f29f32a5,0x7758d79c8fa4747a44577b8780ed8534d5e1945f,0x54992cd4f5a8523eee654274bdc19fb0d8ff1d0b,15000000000000000,0xb259f1226d3966a56afd2cd05238da1ce7851f0fccdd50df2165c5c51d36882e,0,2017-02-08 18:36:23 UTC,3147088,0xf7c9ec19f236918eb6c93a2752cb02cf5d1c98cf2d83a8668ab654bb3a2b414b,
0x48c80f1f4d53d5951e5d5438b54cba84f29f32a5,0x432323487e6560bc85f9752ed94915014ee3daf9,0x41f8198d6b4841db3d88d924c8df400bb247bac3,1000000000000000000000,0x471f0509593751a9a325efcfeeffddc95be559aa7082f93af21138a6b7af3b5a,3,2017-02-08 12:24:05 UTC,3145514,0xf4e63fec9f94a627c4f21130e7f6bf39bacfdd94b8af0ff4ce6724c3752885ba,
0x48c80f1f4d53d5951e5d5438b54cba84f29f32a5,0x3dd5b62cbf25a2301aa19adebea1cf272cd06c1e,0xab11204cfeaccffa63c2d23aef2ea9accdb0a0d5,346442552000000000000,0x74b347fb3b9e463e480ba66460e3f80e56a00033e74be5f6b67bd60e0a7789ab,0,2017-02-08 11:33:06 UTC,3145291,0x4669994682ef210e35fb3d1d660e72257c6d23829f31fa3b9514968b819c90b7,
0x48c80f1f4d53d5951e5d5438b54cba84f29f32a5,0x3dd5b62cbf25a2301aa19adebea1cf272cd06c1e,0xab11204cfeaccffa63c2d23aef2ea9accdb0a0d5,615845617640000000000,0x70372566af5d52d0eba04c0b79a3f70001a7809917e02979d3f29e26f3ba9309,0,2017-02-08 11:07:17 UTC,3145192,0xe2117eb89462c4bd7392fac62513b49d62d62ba604711235fe824262941c4c95,
0x48c80f1f4d53d5951e5d5438b54cba84f29f32a5,0xd1938a5baca77bb65d9c54cb05fc456f21385144,0xc89f092c447d03c689e3950626263fd8b64920fe,11957762125776500000,0x907c805aceff1c1bc8a1e58dd0e3d5a1f740aee4e4ac449f5cb434ff31442987,1,2017-02-08 22:33:01 UTC,3148115,0x6261fc6fe4e8665bdf73c485e57204514b79d55a9f0aa1161f8c388f03068e03,
0x48c80f1f4d53d5951e5d5438b54cba84f29f32a5,0x081851151d17449e8abdda55d1e8020d92ba52c2,0x23cf14b0ad92f6b9ff4501e16430bd95ad34d40d,1000000000000000000000,0x613d6b62949558115d3d242946523c84184b6f31e2c8841239d82fcea6d3badd,2,2017-02-08 14:43:21 UTC,3146129,0x25a7a132934ce5ee251f8997264d5ad79b16b9bf0c88ca5e251ca0d110c3c511,
0x48c80f1f4d53d5951e5d5438b54cba84f29f32a5,0x21314ff1669aced72b3c72ad912102186cf5e1cd,0x3a6c7611b9aa1c9ddb7a2e70c543fc2b7eb7e2a4,440000000000000000000,0xd4a5951ba67711a1857d01aa575e772c910c4830bf950f3a160e757bc2cf0c6e,0,2017-02-08 22:29:07 UTC,3148103,0x90a94bb3b4b60ba2c19d5260ffff2964e56a9cfb5b4b41a3b642c82906fb2eb8,
0x48c80f1f4d53d5951e5d5438b54cba84f29f32a5,0x5fe6a07e294d6cedd78aaf6f431b24bbe7d80013,0x278201fb84d373d368b5bbd7b41e2611dc71971f,5000000000000000000000,0xcf005abe1f8f82f5f71819dc86d5622e11bde9970c39f5e61176ebb7d79cd01b,8,2017-02-08 12:54:22 UTC,3145647,0x8356a9b882bc4b0c909811a9f2d137f3fd5046ca4251988517cae66cf2a265bb,
0x48c80f1f4d53d5951e5d5438b54cba84f29f32a5,0x75f71c89f45700805d0b20909ed0d10779a62387,0xab11204cfeaccffa63c2d23aef2ea9accdb0a0d5,892076529769056000000,0x7c28ee26d6893e2184f566f2245c50b06a2c81cf020f0dad0c82ed8073fed1bd,0,2017-02-08 02:15:54 UTC,3142972,0xf7a4cb6ec44cfb1e324d4f1c31b8d79209c437105c33bea285443e565d4d946e,
0x48c80f1f4d53d5951e5d5438b54cba84f29f32a5,0x3d14faef8a655274af018c5567614c61dc6e8354,0x23cf14b0ad92f6b9ff4501e16430bd95ad34d40d,100000,0x39855438eecb5a233260ad8dc01574d8c5ee9ffa48dbb2a25ff7abc7447c0a25,2,2017-02-08 07:55:49 UTC,3144402,0x2e6ac4040eaab51b10cd9fbcb3fc933bdd266e3464b13a8f7de7e7196b9704d0,
0x48c80f1f4d53d5951e5d5438b54cba84f29f32a5,0x3d14faef8a655274af018c5567614c61dc6e8354,0xac08cdbd8adf34f1bf8809245a23ef669023a7b0,597105263157894000000,0x77af47dfea670b8c74c824942aebd43451f3812bb2a3da82b4318c998e85f8a2,0,2017-02-08 07:55:49 UTC,3144402,0x2e6ac4040eaab51b10cd9fbcb3fc933bdd266e3464b13a8f7de7e7196b9704d0,
0x48c80f1f4d53d5951e5d5438b54cba84f29f32a5,0x3dd5b62cbf25a2301aa19adebea1cf272cd06c1e,0xab11204cfeaccffa63c2d23aef2ea9accdb0a0d5,398329157710000000000,0x17b4d8c24d5fde249367db386c3463c1c4426089b4878df28f71ad9172b8f8f9,0,2017-02-08 08:25:31 UTC,3144508,0x4868abc6423a57674355d2b22c732c3f08cef950a9f3449477071c96196a40c6,
0x48c80f1f4d53d5951e5d5438b54cba84f29f32a5,0x3dd5b62cbf25a2301aa19adebea1cf272cd06c1e,0xab11204cfeaccffa63c2d23aef2ea9accdb0a0d5,356689223450000000000,0x34b065ab327931f7730cc5e77885b7390f6f2de8d20ebf019e6ae8cc62ef5766,1,2017-02-08 08:06:24 UTC,3144438,0xa284349636ab42910546d1b076d94510c64bbd6f17b82472c0cfad8c3d580ecb,