hash,nonce,transaction_index,from_address,to_address,value,gas,gas_price,input,receipt_cumulative_gas_used,receipt_gas_used,receipt_contract_address,receipt_root,receipt_status,block_timestamp,block_number,block_hash,
0xd46cdd7f0de233e6d2f369c041279f73839e9403bd5aa1dab38f3cdcdf5bde35,1062,0,0x097738363b1662599ad0777e19461601f5ec8df9,0x32be343b94f860124dc4fee278fdcbd38c102d88,2036702560000000000,21000,50000000000,0x,21000,21000,null,0x4d8bc35826b955d6895f398b3baf83c8b0c7be856cfe75a5aa36636ccc615e0f,null,2015-11-20 22:08:08 UTC,571472,0x0abc1539f9bb3485b6a9f661033f2131b290685cee83865cf5a48bba9f7f5c78,
0x9d9cee4236734bf5fa0e441f9e309a4254fdd7667cbbd63d23e37f5c82af6b48,9,3,0xac086a878444a4e48113774e53e5c555a9d07220,0xc47aaa860008be6f65b58c6c6e02a84e666efe31,98641439999990000,21000,50000000000,0x,301829,21000,null,0xce2fb70ab589dfdcebd5f25e1ea8299de5e4fb8d1d0703dab2d9d4a11c943352,null,2015-11-20 00:31:04 UTC,567223,0x7f90f507a227f92608dfdf41b3b2f97a79650292d7b043cfca3fcf9827728c68,
0xe5ae94d37fe93af1497f080b1a925b5713241ed81a0fa6ae9e0ad7a5cfa8dbb4,1129,2,0xaa656e51565979f6893797a72fcd06716a15eab8,0x32be343b94f860124dc4fee278fdcbd38c102d88,1008536810000000000,21000,60000000000,0x,280829,21000,null,0x8f9d5ee4f537021a03c53c6bcc8e4c61ff97a86a7a5dddf653ec80d691968040,null,2015-11-20 00:31:04 UTC,567223,0x7f90f507a227f92608dfdf41b3b2f97a79650292d7b043cfca3fcf9827728c68,
0x4ce7197c3d984140b115133cef445ec85ea24f5a85adfd43a6d3958bd3f6c785,47,1,0x149c3e13193ac38941a41f69bf7f01f2ccfccc92,0x32be343b94f860124dc4fee278fdcbd38c102d88,1053092180000000000,21000,60000000000,0x,259829,21000,null,0x5ea381af37b1eb4e1dabafb2e2c2ba6d9842e108464aa7c5ef5d17c344440340,null,2015-11-20 00:31:04 UTC,567223,0x7f90f507a227f92608dfdf41b3b2f97a79650292d7b043cfca3fcf9827728c68,
0x94a53bd9319ba2254e36ee4d0312ad19baf82404003aa826f96d718445dfe1dc,0,1,0xd208415e41d5d5b0e1e8f398443f233d8c1e615e,0xc47aaa860008be6f65b58c6c6e02a84e666efe31,34440456869999900000,21000,50000000000,0x,42000,21000,null,0x04a3fb0833ff99cc827a202217973cd8c3813f372428ec0de8b44dd3717395a6,null,2015-11-20 03:25:32 UTC,567783,0x25287dd09be97ebd6e1f173b7aadd2492a9fa1c4c735b279a620d215bc217946,
0xb500bab8b508d642985502054c12c85aeada8cc8a3c44422b937944139db7c0c,239,0,0x037658e13e294088cfd16a534b9c1f3b37282eb2,0x32be343b94f860124dc4fee278fdcbd38c102d88,1004631230000000000,21000,60000000000,0x,21000,21000,null,0xa411c00cc48da058e7877951159f44ea043c64bb33571ad1a513d0625f241194,null,2015-11-20 03:42:36 UTC,567839,0x8daa5d5f96435898abe4bd7cf1b1e8ebcd0896fc64272c12e682ba984b421d22,
0x46a192a93d33f68153bcbacd6b48d57c60c79de019ec98fd75222e7a62a4f6a0,43,2,0xe3113c687fa0fff265229dad0e23c663e8caa3da,0x32be343b94f860124dc4fee278fdcbd38c102d88,3548405390000000000,21000,60000000000,0x,63000,21000,null,0x5d42edbdda3f160fd46ce47445aba05d66b10cb33e6175f478d506b341d083e4,null,2015-11-20 21:07:28 UTC,571268,0x4c1ea0f932df72748c0813b3ba24a7fb549c48b61331e4c50dd134933fc3c7be,
0x270af9781021816abf251a559ca45bd647c29308a99ccaad003a05c53ba1c3e1,138,0,0x71b11c9457f1607030734bc98213faa27303d329,0x32be343b94f860124dc4fee278fdcbd38c102d88,1876309550000000000,21000,60000000000,0x,21000,21000,null,0x7fc58d49bb6cb52df3db1af162782346cb098db58ad6527d110b7baafd05050f,null,2015-11-20 21:07:28 UTC,571268,0x4c1ea0f932df72748c0813b3ba24a7fb549c48b61331e4c50dd134933fc3c7be,
0x2e01d7310522b17712ed4e6006360df8b949fd26219bf95a4a003bb82b25f781,89,1,0x339056b5a9401624edb4c5b84941aef6a65bd600,0x32be343b94f860124dc4fee278fdcbd38c102d88,5769112450000000000,21000,60000000000,0x,42000,21000,null,0x41c396dfa60499e64b263ed3e992d23b383957fa63764f6b3b3fe7171f40480e,null,2015-11-20 21:07:28 UTC,571268,0x4c1ea0f932df72748c0813b3ba24a7fb549c48b61331e4c50dd134933fc3c7be,
0xaf022826b35f3bb11069fd2f70a5f8d1d512847daf0ba0c86d10330be5553e4b,407,3,0xb197aa5a56c22724a62ff2100f961c2a3a30aaab,0x32be343b94f860124dc4fee278fdcbd38c102d88,121865370000000000,21000,50000000000,0x,84000,21000,null,0xae7acb001dff5e264c23858cfb1a972112edda3f82708ec750ab98083e2645cc,null,2015-11-20 21:07:28 UTC,571268,0x4c1ea0f932df72748c0813b3ba24a7fb549c48b61331e4c50dd134933fc3c7be,
0x73af4779f18a9d0fea180b331cb1861a499e258ae6c3b6a205b3c73ede7f8996,1022,3,0x097738363b1662599ad0777e19461601f5ec8df9,0x32be343b94f860124dc4fee278fdcbd38c102d88,1582950550000000000,21000,50000000000,0x,84000,21000,null,0x3c0d5fc4d296b59244e0dcb5f268b8fbd39269adac02266d0880a2c5c327e08d,null,2015-11-20 10:01:52 UTC,569040,0xa9c56b89320217cd706200a503aef27ab85c536d757c480ae223bad1f0526eef,
0x388848aa7fa85ca9546f244e77f1eae2c2ec04408d0e427d5335a7ff0121064e,0,0,0xcf315f36935f75424891f59bef6bf18246e3d4f6,0xef5e616a5a8818954484a9bacb2a7ba53e502f6f,987000000000000000,21000,50000000000,0x,21000,21000,null,0x21a6a17616d443dfd7ec7d4a842859ec55e248ef9a6d882849221571b8aaafe1,null,2015-11-20 18:03:32 UTC,570638,0xb6b835b9ee0ba85c94dcc11885fd628bdddf7ea80cf26827b0537fe7d01e719d,
0x0753026fea96df0a7e0477b311fdb484933c0b4a9cbb6eca781d45f06a642133,186,0,0x7d8f437a7e9930d9116edaf3102ad77995a0082f,0x32be343b94f860124dc4fee278fdcbd38c102d88,41766567600000000000,21000,60000000000,0x,21000,21000,null,0x0e5d921a3e275a970d280ef382907deb92c1bde6819b8aef2a7eefb8bc9c7e1f,null,2015-11-20 19:27:00 UTC,570922,0xfed41b6c70d6cbe75fb3698e9636d7211549267cb538d401ba93f09e3b8dd998,
0x1d3aa20b43e1501f88f26999094b7de89779f5a2df9a1e3a455b98f086ff215a,324,1,0xb415e74b9b5b2058ef3541265aaf7ce09c4953bc,0x32be343b94f860124dc4fee278fdcbd38c102d88,1393176430000000000,21000,60000000000,0x,42000,21000,null,0xc5a1befdecd4c216ca0ad741fc44e58f3acfd35868cc9f16fe92560ded9aa897,null,2015-11-20 06:04:52 UTC,568260,0x5fe79bca5967bc3bf72ba94a931f8cd0a9b73683c201407156cff51b6d29bc65,
0xf5ff3bb70b311fb6b88f8fc179d7fc76510f783cbd4d222b0f90681f145efb24,232,2,0x998ce3d09d62abf9d8082352d8a97f57099e4421,0x32be343b94f860124dc4fee278fdcbd38c102d88,4009253480000000000,21000,60000000000,0x,63000,21000,null,0x080b71a68599119d2025154382523845660ba788f811f2f3fbe5048fda2ffef4,null,2015-11-20 06:04:52 UTC,568260,0x5fe79bca5967bc3bf72ba94a931f8cd0a9b73683c201407156cff51b6d29bc65,
0x598e1c895ebebcede572d23907acc8f937ff50b8d45b465492406b16f7aa381b,243,0,0x8208e5ed624df04ed947aad1c042ae17488c2515,0x32be343b94f860124dc4fee278fdcbd38c102d88,5011580700000000000,21000,60000000000,0x,21000,21000,null,0xb88bb9a2f6e911a5f2d9ac443ec22ddeb4129256a80ef240331b546fceb3a447,null,2015-11-20 06:04:52 UTC,568260,0x5fe79bca5967bc3bf72ba94a931f8cd0a9b73683c201407156cff51b6d29bc65,
0xcc586d9eac4e6c9f24b903f80fcac19bfc1257fc16e4ce99df02e775fc7883fe,197,3,0xd3d0dc7c009a66ee7569bd914ec999a853dd8761,0x32be343b94f860124dc4fee278fdcbd38c102d88,2745643240000000000,21000,60000000000,0x,84000,21000,null,0xf85ca9c1bdcd65bf1403a34ed2564a9edf2e94ae839d8ef6a2491eec00eacf9d,null,2015-11-20 06:04:52 UTC,568260,0x5fe79bca5967bc3bf72ba94a931f8cd0a9b73683c201407156cff51b6d29bc65,
0xfe3ac1154426ce48741ed33163a533ceadfb226898859ff310a9435b8b362a56,9,0,0xf80cb5dc9217aa12ccd7b4be95f848023e6b638d,0x32be343b94f860124dc4fee278fdcbd38c102d88,1150006320000000000,21000,60000000000,0x,21000,21000,null,0x2529ff28f166e6cee524ef1ed3d675631f4ccc974c781ffec319228089ef123b,null,2015-11-20 07:07:28 UTC,568476,0x45e74b66dd04333da46244c809981391326a886d3426519fb35a77df6f23402c,
0xd64d3aaea7f31ea0c02302664db9ec35901c14ff3c536b4c98d5847c149e0096,66,1,0x5f28bcc5fafc8982536a9e4be559657998cde1e3,0xc47aaa860008be6f65b58c6c6e02a84e666efe31,206510046690000000000,21000,50000000000,0x,259893,21000,null,0x33370cd1b96757ee200d2461a0f898c1299355093d29c2ffb3a2b434819c1dab,null,2015-11-20 23:10:48 UTC,571684,0x04cf893d58336a68c7f0c9521f500fb034cc4a696c10348c8b7c693265e1173d,
0xddc337fec72a0615f1ad7aa7044b5261512561fdadd86f78f9e385b5ffdc75d0,8,0,0xfd15034ad82be73ef626af8dc7beb0fe56344716,0x32be343b94f860124dc4fee278fdcbd38c102d88,1850026020000000000,21000,60000000000,0x,21000,21000,null,0xc3b142f3b763ba4709086252633660b207f0409b9b2caa7cb038a6712dc3b683,null,2015-11-20 18:24:28 UTC,570708,0x23548986945ad89135ea375cb7dbd7a8c83ccf7e0b8001701b3b4a64c975a004,
0xe77db1f524ec9f4b84fb750d9a563b19206865900d5579b740319429f0cd1173,0,1,0xd1d8e2640fe531cb897848b09e00fd3c06f17970,0x32be343b94f860124dc4fee278fdcbd38c102d88,1270140280000000000,21000,60000000000,0x,42000,21000,null,0x1170e56fc5c931c7a9bd659a5de24e9bfb84d405ed2a620a0b88f320fd25e9d5,null,2015-11-20 18:24:28 UTC,570708,0x23548986945ad89135ea375cb7dbd7a8c83ccf7e0b8001701b3b4a64c975a004,
0x3e96a42750f7fdf5844a873309608deaed8a612a2c127562618b83c4d28fca70,210,3,0x2bcdf5ef3ba83578a36146bff9a3faef1caf038b,0x32be343b94f860124dc4fee278fdcbd38c102d88,5722872950000000000,21000,60000000000,0x,84000,21000,null,0x7520d2c170ef05bcaaeb509df854c4c8b9f5bc043e42bd7bf92ed596601f6ca6,null,2015-11-20 18:15:00 UTC,570673,0xc099c497d88017facc8ff8034b6d489c84dfcec415996e77dda83e81f95a2a45,
0x2d3337299b1ddf90178dcd08c8ab430460c35775f96f408e30101cdb55d1bc5e,185,0,0x7d8f437a7e9930d9116edaf3102ad77995a0082f,0x32be343b94f860124dc4fee278fdcbd38c102d88,52115892210000000000,21000,60000000000,0x,21000,21000,null,0x1728d248f55d743432bcea22141c5e3943de483f928797e053cb9a16ab32a7c8,null,2015-11-20 18:15:00 UTC,570673,0xc099c497d88017facc8ff8034b6d489c84dfcec415996e77dda83e81f95a2a45,
0x6f2276f1337edcb389637574a018c04a72bf2d84608f136ade15fbd2a56575f8,690,4,0x1e0cf4971f42462823b122a9a0a2206902b51132,0x32be343b94f860124dc4fee278fdcbd38c102d88,3575142970000000000,21000,60000000000,0x,105000,21000,null,0x4bdcc1373cfcc825f6cf3f82bf58f5a646c571e340664a3732afa5c0f26c9751,null,2015-11-20 18:15:00 UTC,570673,0xc099c497d88017facc8ff8034b6d489c84dfcec415996e77dda83e81f95a2a45,
0xca1e40a92570310c9b149b9785c7c765bc6a7a25ff28557779f774e898837cf0,179,2,0xa99fae64fe82d5eba039db9570872a7226870be3,0x32be343b94f860124dc4fee278fdcbd38c102d88,1081540160000000000,21000,60000000000,0x,63000,21000,null,0x0c7c5f8562dfd8fdc6b3df5b17085309c2c3994abc228dcce941a3f02f94f215,null,2015-11-20 18:15:00 UTC,570673,0xc099c497d88017facc8ff8034b6d489c84dfcec415996e77dda83e81f95a2a45,
0xb2706cb24d922a00365e92c762e3bc1475b8764b45339f3941fea9b3988f9a4c,82,1,0x1c4da5b4560804b9d13c973f90f5369edde9350a,0x32be343b94f860124dc4fee278fdcbd38c102d88,1027716030000000000,21000,60000000000,0x,42000,21000,null,0xc1ae4782146e8056c2b0b89a5e3fb0dc622bdf239e84734e06d63e20dfbff840,null,2015-11-20 18:15:00 UTC,570673,0xc099c497d88017facc8ff8034b6d489c84dfcec415996e77dda83e81f95a2a45,
0xef8a1fb42f0547c860c91c948bcaf2ff602e4d840f2abe3d24ed971abce6c643,377,1,0x42877aeb7c16cacddbeb082b67f37bca5548dbf5,0x32be343b94f860124dc4fee278fdcbd38c102d88,1358864750000000000,21000,60000000000,0x,42000,21000,null,0x96384e6c8bf7bf5d04a8e228e9ba617151cf3e3e1b5f3817adc12617e9c59213,null,2015-11-20 19:06:12 UTC,570854,0xc1be8e06b6848cb572953e3f649f453f1c803544afaf2ada5732bf73f8e23ea3,
0x91eae8d72cf1e8c745e558505b686271d649f0e5e8dfe3a849fb8d80fffacac3,213,0,0x46e97208bc7f618816cb502a2b516fb4bc41f1d3,0x32be343b94f860124dc4fee278fdcbd38c102d88,1024302910000000000,21000,60000000000,0x,21000,21000,null,0x5d27180c11bbe7c3ae355992874bddd40ac555a4828c76d7af75b7f95b51e5bc,null,2015-11-20 19:06:12 UTC,570854,0xc1be8e06b6848cb572953e3f649f453f1c803544afaf2ada5732bf73f8e23ea3,
0xbceab01c6d2584e684f914b4f7318e6a838353c438089da64cb89281b943d6aa,0,2,0xe883180f2cf41232c9e522e3970d28aba17d7fdb,0x32be343b94f860124dc4fee278fdcbd38c102d88,129347739989999000000,21000,60000000000,0x,63000,21000,null,0xf67caaacdd17a882121367403bc3bff398dac325432d1cef81d93a2565d4f694,null,2015-11-20 02:23:04 UTC,567567,0x4609fe5778fbcdfaa80a8de810d3ff8b59ac7e308702c1067fe85ec20e4b8494,
0x77ef72a9be5ceca2ebbf825da80b571d9d9672766ac161c29098af3e52b6c8ec,187,0,0xf4f2c15602b084cae84ea603f75527de19705aa1,0x32be343b94f860124dc4fee278fdcbd38c102d88,1205230730000000000,21000,60000000000,0x,21000,21000,null,0xd120a4f8d4cab98f10e719300a747f3216a4d21946b1ce24ae73f17dc2bff65b,null,2015-11-20 02:23:04 UTC,567567,0x4609fe5778fbcdfaa80a8de810d3ff8b59ac7e308702c1067fe85ec20e4b8494,
0xdaab24be5a6137f6b816c6e3266ea4c691c79046cf074926dcacdab4ba486c70,70,1,0x3c76eab34ed9ef33a989175a86dd80ab808934c4,0x32be343b94f860124dc4fee278fdcbd38c102d88,1403034300000000000,21000,60000000000,0x,42000,21000,null,0x152f8d5fd29b21a7ce847f6e2c3d88369f75f40c73ffd6c302c87d1d07249a76,null,2015-11-20 02:23:04 UTC,567567,0x4609fe5778fbcdfaa80a8de810d3ff8b59ac7e308702c1067fe85ec20e4b8494,
0x14112e895a02425e7b973336d08d7a2c9f30dad7a3aa3a09840e81c7d358db3a,87,1,0x7b608bd4ea597972754eda8c6dbdf9c1b32e12ff,0x32be343b94f860124dc4fee278fdcbd38c102d88,2306698610000000000,21000,60000000000,0x,42000,21000,null,0xbf018656a26e75104c2d55049b222e4843030f2fec69b158d754284c3096a333,null,2015-11-20 10:15:16 UTC,569088,0x953e71b814375da04e695d1362396b899cb96f15a450a5121ebb2b215d5b09fb,
0xd4cc88b7deae909199b9e4ad0e2edefea2dd7b1417ae8c68a31600ef300fb940,301,0,0x55553e3b2d1e517f44fd4ea8354d171d69637b48,0x32be343b94f860124dc4fee278fdcbd38c102d88,1307675330000000000,21000,60000000000,0x,21000,21000,null,0x3b23b33c36297636e2eef876e8a5014121cd75c8b210cece0bfa851eda7353b0,null,2015-11-20 10:15:16 UTC,569088,0x953e71b814375da04e695d1362396b899cb96f15a450a5121ebb2b215d5b09fb,
0xe6878b1ae404af70fb55efb06116ff3df21dbe140a8f6c4aa2af89cb4b213c01,135,1,0xd83cc213eb73b251733dc9a5f0dac469ee629b36,0x32be343b94f860124dc4fee278fdcbd38c102d88,11510671209999900000,21000,60000000000,0x,42000,21000,null,0x12b23a53ac0befa0ead4307d6adfe8b32a7213452bf8d399203e16de9bcc8f58,null,2015-11-20 21:07:36 UTC,571269,0xf22e5d5e3534559dc04052540ef96ecdc8f34bffaa5933cb992d23a0843497a3,
0x2b944d9a5218691c3345d007b76d420c010430d1a456fdc80a1635ed352aad45,408,3,0xb197aa5a56c22724a62ff2100f961c2a3a30aaab,0x32be343b94f860124dc4fee278fdcbd38c102d88,121865370000000000,21000,50000000000,0x,84000,21000,null,0xcb23d33ff9b1fcfb520ec7a850831e6883a9f9f805c514ba0264a072a0777282,null,2015-11-20 21:07:36 UTC,571269,0xf22e5d5e3534559dc04052540ef96ecdc8f34bffaa5933cb992d23a0843497a3,
0x73c012e9142f11ffaeb45b88dd575a729ff4d73fd7292dc4fff398c3519c1583,106,2,0x95922fb7bf05c516a605d2f486094fd2c65778a3,0x32be343b94f860124dc4fee278fdcbd38c102d88,2233364440000000000,21000,60000000000,0x,63000,21000,null,0x4df711609d7ba424ac7090b6ae64eb45af06e67d782a776c813b0ff720ea19d0,null,2015-11-20 21:07:36 UTC,571269,0xf22e5d5e3534559dc04052540ef96ecdc8f34bffaa5933cb992d23a0843497a3,
0x105b0f5abfff3e8526cf7d6f16667a92181aa6f76296887ef3db3edc986100a7,236,0,0xdcb14605b0ee4f372d223e5df87aa9e760886d01,0x32be343b94f860124dc4fee278fdcbd38c102d88,15506168540000000000,21000,60000000000,0x,21000,21000,null,0x658ed3f335fa748dc63f55964eb6c6504e32590568764989a3e37c121ff526db,null,2015-11-20 21:07:36 UTC,571269,0xf22e5d5e3534559dc04052540ef96ecdc8f34bffaa5933cb992d23a0843497a3,
0xf05e2f233df1873eefd2e011f8e3c4b58294061fbd58d3a31535583d88e089a2,409,5,0xb197aa5a56c22724a62ff2100f961c2a3a30aaab,0x32be343b94f860124dc4fee278fdcbd38c102d88,121865370000000000,21000,50000000000,0x,126000,21000,null,0x19b238e45f2e443a95f11e01ba83bf3c55c92624493df670669b3c7ea7b63e2f,null,2015-11-20 21:07:36 UTC,571269,0xf22e5d5e3534559dc04052540ef96ecdc8f34bffaa5933cb992d23a0843497a3,
0x38a9f4e7089a83187aee3b10ddd93191b308914339029699be66c2e5626012e8,97,0,0xaa052bcdeb7172523ff44efc493ca8bdbf703796,0x32be343b94f860124dc4fee278fdcbd38c102d88,14560431220000000000,21000,60000000000,0x,21000,21000,null,0xc32ecbbff9e5cc598700e6c58845ad3fec9c013e34eb59effb9a5f77e104fce1,null,2015-11-20 01:37:36 UTC,567428,0xb08f8c4d0f15abf3818b0f9198ce58cfeccefe3a0c73ce00865403a8988f27c1,
0x72a78122031ff20d15fe0e8a29691b969b0e897405e5a432cf5dade7202a8d07,389,1,0xfa9f15f96e3244897308a95163a62861685e8917,0x32be343b94f860124dc4fee278fdcbd38c102d88,22083705299999900000,21000,60000000000,0x,42000,21000,null,0xa0c60095ee7adddc25f375c67bf86138dfd51c00f1fa3346e5c51ef4d3da2113,null,2015-11-20 01:37:36 UTC,567428,0xb08f8c4d0f15abf3818b0f9198ce58cfeccefe3a0c73ce00865403a8988f27c1,
0xd628f35f9dbaf58b235b03365375ae6c944703900707db9bfbdb984b1ffd59bc,2141,2,0x078838304c9ee678209ea0959587da9b6f31ebff,0x32be343b94f860124dc4fee278fdcbd38c102d88,1008330340000000000,21000,60000000000,0x,63000,21000,null,0x5e723e4cc6d24091c7747d14ce0dcf2ded2c43418ef948493416b39c1151fde7,null,2015-11-20 01:37:36 UTC,567428,0xb08f8c4d0f15abf3818b0f9198ce58cfeccefe3a0c73ce00865403a8988f27c1,
0x281f1791cccc0579c53aa4fba3582d9671283c9884a63ebeb8e0849db8d6ec62,419,1,0xa5fb3e4399e8f18643f969d0ce65cc352fc252c6,0x32be343b94f860124dc4fee278fdcbd38c102d88,8106697440000000000,21000,60000000000,0x,42000,21000,null,0x8c4543ba5b2972923b76b61a7cd081d8860b0ad5d43f5977619e11353967ab31,null,2015-11-20 01:41:24 UTC,567441,0x49146ce77b91a22af2def827757a38e176df76a8a949a4bc1bf056f14228e01e,
0xbac3aaf7e764ad02bd1a1683d93ec1112d5dbe7d8ddecd205250c2cd73859c2e,162,0,0x07d71bfc263af5758225fab79e1656a22ac9824a,0x32be343b94f860124dc4fee278fdcbd38c102d88,9311448660000000000,21000,60000000000,0x,21000,21000,null,0x825ddfa79a97b22e0ed612e78167f9322e48c4960fb94d19572a3f09ba135f75,null,2015-11-20 01:41:24 UTC,567441,0x49146ce77b91a22af2def827757a38e176df76a8a949a4bc1bf056f14228e01e,
0x27d63fe685152a65238286af5dd1bc6f181111ee590c374e7cd714b26ed39a2c,175,1,0x3c6bf2e693d1f9ef5171ca8fa2fec7aacae0dc08,0xc47aaa860008be6f65b58c6c6e02a84e666efe31,199566309999990000,21000,50000000000,0x,259765,21000,null,0xc38b045443b7c2e712bd1d0adb57a543894dcc0c0f0da67fb5b15973e0b76dfa,null,2015-11-20 10:00:08 UTC,569037,0xbcb8b8073bdf3e55e6d910d131d99bf566f30df67515197a608ff2252fbbdb4a,
0x17515b53475deb670118c7e4a23ec383a64d0c68937ea831ea703fce3d85d802,7,2,0x9a0b9d368e2c52ee5de51cdf602157cda028b0ef,0xc47aaa860008be6f65b58c6c6e02a84e666efe31,23252330040000000000,21000,50000000000,0x,280765,21000,null,0x2ca52c04a47400181242c7bad8c85ced5df36f7817502933a18dde85b789bae6,null,2015-11-20 10:00:08 UTC,569037,0xbcb8b8073bdf3e55e6d910d131d99bf566f30df67515197a608ff2252fbbdb4a,
0xbbf590fb6a1525a7ba2f1829286d328002ae8358b4f794ae06a065d00f706416,428,0,0x04a6c6a293340fc3f2244d097b0cfd84d5317ba5,0x32be343b94f860124dc4fee278fdcbd38c102d88,4956016500000000000,21000,60000000000,0x,21000,21000,null,0x33b96b0e5bdc62b6d85a88876878f1936636f022c85819f6010d844bd0d0acb1,null,2015-11-20 06:08:48 UTC,568273,0xc35be225869d9b94903ac1eb8ffab2d297bc848464a79f22b6f6f0f2d17b8c63,
0x2443d25f464d6fc5620ef516527fa76ede6761c9c73e0b542bbe551034144389,154,1,0x0a319a7e0c887f104359e1eee6717bd8f232d3da,0x32be343b94f860124dc4fee278fdcbd38c102d88,3279063040000000000,21000,60000000000,0x,42000,21000,null,0x2b289a2864e54ed0a395a501adda550b86b46413ed1a63f60ce91299b88d0f96,null,2015-11-20 06:08:48 UTC,568273,0xc35be225869d9b94903ac1eb8ffab2d297bc848464a79f22b6f6f0f2d17b8c63,
0x2d1e1e49f043512ad6f78d19d94afbf859a76eb11ff367dd350fb33d8f917e34,88,6,0x4775af8b921defd8d4b76494475616aa24978628,0x32be343b94f860124dc4fee278fdcbd38c102d88,3012702260000000000,21000,60000000000,0x,147000,21000,null,0xf652198751cc4e7a77829169e994fafdd119532626f646013748962605edbabc,null,2015-11-20 18:22:40 UTC,570701,0x8f191afb4fecf2c67a05cb04a61bb6a7b2b47db0f7a8354216fe34989e06f9c4,
0x90d265528bc4ef70f9a53a18f60deb0fcf3e35e76c43040d6e69c8cf6e2485e7,93,0,0xf9cdc37400e603072a8af3994d9ba913df723c56,0x32be343b94f860124dc4fee278fdcbd38c102d88,5511923280000000000,21000,60000000000,0x,21000,21000,null,0xd4f73f4127d7ebfc61dd756f6029cfe7849c3c0c7bee61e2b561360cef83ca9a,null,2015-11-20 18:22:40 UTC,570701,0x8f191afb4fecf2c67a05cb04a61bb6a7b2b47db0f7a8354216fe34989e06f9c4,
0x03a7c01789ff7ad2909cc4a2c54f8dfadfab679bf227829c1f9fc86513878adb,90,2,0x107e84447f86dffa515a3d65955eb2a1ed9e4c0e,0x32be343b94f860124dc4fee278fdcbd38c102d88,1960952890000000000,21000,60000000000,0x,63000,21000,null,0xd87f903e1a67bf53fb847263911575ff6ac78c7ca950b6da0b0f0684b9fa12de,null,2015-11-20 18:22:40 UTC,570701,0x8f191afb4fecf2c67a05cb04a61bb6a7b2b47db0f7a8354216fe34989e06f9c4,
0xf2bf0e4d590b392bc3cd5c53604931aac5bbea436a56a6b2e43859ba91d7582b,17,5,0xf5d09fba8e8f535bb488c3d9a466f07775913391,0x32be343b94f860124dc4fee278fdcbd38c102d88,1091696650000000000,21000,60000000000,0x,126000,21000,null,0x8f2600581348c5133b0923b5aee4da5aabbd9962023461bd666b9d887263818f,null,2015-11-20 18:22:40 UTC,570701,0x8f191afb4fecf2c67a05cb04a61bb6a7b2b47db0f7a8354216fe34989e06f9c4,
0xf94d2842bf10b644a1c5c6fa9a36645d4b1bf5cba8ffe015235d8f7b86e5d14a,91,4,0x24ba6785f40f90632d7a1b01fed80bca5bb6faa7,0x32be343b94f860124dc4fee278fdcbd38c102d88,2805403730000000000,21000,60000000000,0x,105000,21000,null,0x260f813fc049194dcdb0c6537a99cf02bcd0b4b7b0981a87c12d3e92e58a35a4,null,2015-11-20 18:22:40 UTC,570701,0x8f191afb4fecf2c67a05cb04a61bb6a7b2b47db0f7a8354216fe34989e06f9c4,
0x55af35f90f0e957a0c5724631c41ec5fa5aa860b017cc71752d692061e163b4d,39,1,0x4bf192c00945897a93050a6e046ffc69c0654da0,0x32be343b94f860124dc4fee278fdcbd38c102d88,1015664900000000000,21000,60000000000,0x,42000,21000,null,0x9ba70fc3638304a2f7fbee45f68367674ea2fa2b8d7202350f12c9caf88f4559,null,2015-11-20 18:22:40 UTC,570701,0x8f191afb4fecf2c67a05cb04a61bb6a7b2b47db0f7a8354216fe34989e06f9c4,
0x94649a4e44ffe4910cc21f8532f29e0a73edecf3017e14fc1834771b9feb7a8d,92,3,0x90bd1716671b8bf485fe88d8a605b4799dfb4eb1,0x32be343b94f860124dc4fee278fdcbd38c102d88,3107444050000000000,21000,60000000000,0x,84000,21000,null,0xe424b0fb8330b868279628ed80a533393f808e1644a1d790e6978f7a5de129a2,null,2015-11-20 18:22:40 UTC,570701,0x8f191afb4fecf2c67a05cb04a61bb6a7b2b47db0f7a8354216fe34989e06f9c4,
0x4985b91392a19e9665bd235e45566628caf1d4d9dea236bfea53434034a6e756,40,7,0x80f296b6c058e17be787eff3db55048494733dbf,0x32be343b94f860124dc4fee278fdcbd38c102d88,51876035549999900000,21000,60000000000,0x,168000,21000,null,0x973ba5669bf289d8d5f52cb96feb0836feab95ee3bfc755d01e8850687554071,null,2015-11-20 18:22:40 UTC,570701,0x8f191afb4fecf2c67a05cb04a61bb6a7b2b47db0f7a8354216fe34989e06f9c4,
0xf4b4fccbfc2b7e8fd618e28fbd3ce4f6898d5ccd4938b76fc42ec748c305d568,324,4,0x52191276589069f70f0e46bccc718d793d1aa1d0,0x32be343b94f860124dc4fee278fdcbd38c102d88,6044800450000000000,21000,60000000000,0x,105000,21000,null,0x37b116b947d0f28222443b36273ef02dcb52ef2957d98fb627b668f0450d04ec,null,2015-11-20 00:18:00 UTC,567188,0x3c1368ab5fb409d4db97fd8e72f927f88602a62a3c152132f373153ecdb39442,
0x93805ffd10720aea01b35e4b5db3321d2e3278147a236cd537f4f9ad03a8ceeb,221,6,0xd6463b514443dc308ca70d69dda2b13f494ef882,0x32be343b94f860124dc4fee278fdcbd38c102d88,4952274300000000000,21000,60000000000,0x,147000,21000,null,0x4e1e84e9537eb2ed9597d5d993f36fe7e79131e598eb0fe165b98774c7a2b5c2,null,2015-11-20 00:18:00 UTC,567188,0x3c1368ab5fb409d4db97fd8e72f927f88602a62a3c152132f373153ecdb39442,
0x9e02cde7ccf24a9f025b40b433d644c47fcae84629e01bff25ba0154060cb291,44,3,0xfb6e59562caae7157c951106ec43655a7b6a3e79,0x32be343b94f860124dc4fee278fdcbd38c102d88,1123461700000000000,21000,60000000000,0x,84000,21000,null,0xaaa8caa6de77e6aa3eeb1b81d37b09330670a3db1e26e6439cc83f96e2de5590,null,2015-11-20 00:18:00 UTC,567188,0x3c1368ab5fb409d4db97fd8e72f927f88602a62a3c152132f373153ecdb39442,
0xea7f47cc9611e70ad4c5a052e3429d9ca7a21f0baa1657ae07e62cfdb26a2be1,110,0,0x0b4edc45b26e5843c04270ca4611b1370016b879,0x32be343b94f860124dc4fee278fdcbd38c102d88,1122009440000000000,21000,60000000000,0x,21000,21000,null,0x7a95acea49cddd10da0631728df23202e82d0fd7d4e6e46b20bd99effcc3271c,null,2015-11-20 00:18:00 UTC,567188,0x3c1368ab5fb409d4db97fd8e72f927f88602a62a3c152132f373153ecdb39442,
0x5391145ceb88c83abe1271609ce44262bf8b3fd845ffeb530717178227e1be17,4,1,0x4f067256ec9549905dfb3997d02e2d4857655eed,0x32be343b94f860124dc4fee278fdcbd38c102d88,4948740000000000000,21000,60000000000,0x,42000,21000,null,0xba9e439b5403f18a6856cecbb5fc6ad757ab1fe215eae8b48c06008f7de80c35,null,2015-11-20 00:18:00 UTC,567188,0x3c1368ab5fb409d4db97fd8e72f927f88602a62a3c152132f373153ecdb39442,
0x43bcc292d8072193c4e3e051458c3a225210de70574e27fbd60efc1df063d3cd,2,5,0xfae03453558d0739812eefbd0099ee052cd1af7e,0x32be343b94f860124dc4fee278fdcbd38c102d88,1999998739999990000000,21000,60000000000,0x,126000,21000,null,0x779d9ae00c9b2fdd5b3a06f78d6c6844c0e364ee3a3509b7f380faf3e228afa8,null,2015-11-20 00:18:00 UTC,567188,0x3c1368ab5fb409d4db97fd8e72f927f88602a62a3c152132f373153ecdb39442,
0x1daeb0d045339a103c9f21b5634842eb48662b09488fb8309062549051d5be6c,183,0,0x7d8f437a7e9930d9116edaf3102ad77995a0082f,0x32be343b94f860124dc4fee278fdcbd38c102d88,50754842540000000000,21000,60000000000,0x,21000,21000,null,0x59d6eb4000c7c72017672ff0894e7f0cc1583aa1f2881caa73b9e66c3da4d54e,null,2015-11-20 01:24:24 UTC,567390,0xc669bbfeebc220672fa80f017e2fe5ebe0a528e68455c49df6da186107c1bb67,
0xa96ea75a280e456a10c22ba918f04fc44e3d47e4f82f9f8d214c563476f82110,116,1,0x7b578f673507975447c714df2bdcd15801fe30fe,0x32be343b94f860124dc4fee278fdcbd38c102d88,4948740000000000000,21000,60000000000,0x,42000,21000,null,0xa8664c0b1d60f1e1d7d539942245fd3cba547cfefc2dbeaa219c6ad15c8417e1,null,2015-11-20 01:24:24 UTC,567390,0xc669bbfeebc220672fa80f017e2fe5ebe0a528e68455c49df6da186107c1bb67,
0x594adde702417d3c7036cbfba48e1f6f02a46d0cf3892d3bc970898670397f6d,40,3,0x5188c562c238424c9ce2bf9a06c015e50847c2ab,0x32be343b94f860124dc4fee278fdcbd38c102d88,1094589280000000000,21000,60000000000,0x,84000,21000,null,0xaa98635af6154e97c3f6538caafeeb43acaa944c15c72a9ea85762df28b77200,null,2015-11-20 23:05:16 UTC,571662,0x30a7cd8e6958a1251205fce56a154fd852de3a5b9507b536ae8713f0d1717eba,
0x7101a95fe73b4b69049047bbf7b3fc5596044572a654aee72a985ae3e482ddc9,462,2,0x13ed72698182ad937d2ac19da03d612201825cb5,0x32be343b94f860124dc4fee278fdcbd38c102d88,3677007740000000000,21000,60000000000,0x,63000,21000,null,0x4c1ea90f61617c515f3263f91340b22555c643d64432582878eed0229a3a3a94,null,2015-11-20 23:05:16 UTC,571662,0x30a7cd8e6958a1251205fce56a154fd852de3a5b9507b536ae8713f0d1717eba,
0xa39767a8a45b4136769be8480581a2610b7ef64162415ca327ed91e3a17e4e2b,308,1,0x55553e3b2d1e517f44fd4ea8354d171d69637b48,0x32be343b94f860124dc4fee278fdcbd38c102d88,1824102650000000000,21000,60000000000,0x,42000,21000,null,0x2618cb856123240ebaa9d61382091211a9ff6a0a96c4872dc2effc0450633059,null,2015-11-20 23:05:16 UTC,571662,0x30a7cd8e6958a1251205fce56a154fd852de3a5b9507b536ae8713f0d1717eba,
0x504b73c788e427d219ece59288d89da7835e35ef1f5bf8f90e5dddbbda8ea208,198,0,0x867a5221564160c128f2b0ec6b22216c380ddc76,0x32be343b94f860124dc4fee278fdcbd38c102d88,3045151780000000000,21000,60000000000,0x,21000,21000,null,0x5fe5b9da8ec44b7a6355c6042bf30f24507bb6293fcbae8899b51d86df3abb97,null,2015-11-20 23:05:16 UTC,571662,0x30a7cd8e6958a1251205fce56a154fd852de3a5b9507b536ae8713f0d1717eba,
0x2f6aa7b6d5e7199802d8285dab4c4bb4cf6db43b5f29eaf8150a8e795af638d5,327,3,0x267069452478ca39b3f5f1a4ffdd4131f50bc977,0x32be343b94f860124dc4fee278fdcbd38c102d88,4309821120000000000,21000,60000000000,0x,84000,21000,null,0x6da0f5bf6ef5de802153fd53b39f98c4a3f6636b37826660afe56681ae9e704c,null,2015-11-20 18:09:28 UTC,570653,0xab3479886ea3981ca339aa63b1aaac5b8e1df95028f2427f038f43401e649d8a,
0xa4a61a7954b4048b89c692906a55cd0a6db21f1a568bc4a73f6fe0a6a487081c,301,1,0x0912001e29bbaf75c23069a22d9b9602be86feb7,0x32be343b94f860124dc4fee278fdcbd38c102d88,40608186320000000000,21000,60000000000,0x,42000,21000,null,0xe49f172668dfa857554b9503c91f5415e28984911573e6d32474a867a098a882,null,2015-11-20 18:09:28 UTC,570653,0xab3479886ea3981ca339aa63b1aaac5b8e1df95028f2427f038f43401e649d8a,
0xf23dfc8280202603d6d080380de973410d5256365a279b6356129de873bb9f01,279,10,0x61e20833179ba2eccc2065e5f733cc8cda7394c0,0x32be343b94f860124dc4fee278fdcbd38c102d88,1108097930000000000,21000,60000000000,0x,231000,21000,null,0xd4e8d84483f2c4f4c3d157bde7d0511f632b9ee8be1acd64844bc862503f391b,null,2015-11-20 18:09:28 UTC,570653,0xab3479886ea3981ca339aa63b1aaac5b8e1df95028f2427f038f43401e649d8a,
0x1fa8268e38cf9ff1a8056989fd7cf0eaa246a4747fce6edbed6d47092479aebd,326,6,0x52191276589069f70f0e46bccc718d793d1aa1d0,0x32be343b94f860124dc4fee278fdcbd38c102d88,6884643490000000000,21000,60000000000,0x,147000,21000,null,0x6ffbacb7385116f6f62bc92e460158da56cd6cd2c49bb33081acf81d38a7f27d,null,2015-11-20 18:09:28 UTC,570653,0xab3479886ea3981ca339aa63b1aaac5b8e1df95028f2427f038f43401e649d8a,
0xb2f98d04a22c2fe0baf4789e1dba54e49f176d4b930d32de9e4188e1e9ad2c48,69,9,0x4aa1e987ec64af9dc59c9e20396d2d11fc71685a,0x32be343b94f860124dc4fee278fdcbd38c102d88,3145509390000000000,21000,60000000000,0x,210000,21000,null,0x06d7cfa5c03ba8bcb52ba2fb8a41679037cedacb938f4c3c727477fbd1667c07,null,2015-11-20 18:09:28 UTC,570653,0xab3479886ea3981ca339aa63b1aaac5b8e1df95028f2427f038f43401e649d8a,
0xcc298dfe77337a67b6d8137851f7903a3b34f3a50751a528603564c5dc4439ff,239,0,0x2d1d94521e896625f8ec3f65171fa82262da6bcf,0x32be343b94f860124dc4fee278fdcbd38c102d88,10123110100000000000,21000,60000000000,0x,21000,21000,null,0xc5775003542b86271ecc0f4fc86fa9adbf8874a68301e669d0a3b33f89eb86fa,null,2015-11-20 18:09:28 UTC,570653,0xab3479886ea3981ca339aa63b1aaac5b8e1df95028f2427f038f43401e649d8a,
0x5dc7c7b220faddc6fb9c043488945a66d231b7e7601de92f6a242fcf8e4fcf17,668,5,0x92857a8bc0a6f66180324f49541c695a3a0ff944,0x32be343b94f860124dc4fee278fdcbd38c102d88,7009593170000000000,21000,60000000000,0x,126000,21000,null,0x3c1a8e3311990134191a0275d4159b5707985ddc88ceb34905d038255114cde8,null,2015-11-20 18:09:28 UTC,570653,0xab3479886ea3981ca339aa63b1aaac5b8e1df95028f2427f038f43401e649d8a,
0x1e278406f7f26f211af268d10c578798db1a247b18cacf75b6e97e17f009d006,367,4,0x79d5794171e11dd5c2f0e26e1c187319db2fe6f7,0x32be343b94f860124dc4fee278fdcbd38c102d88,3028022920000000000,21000,60000000000,0x,105000,21000,null,0xf318ccbaf48ae1ed1deb7a7f4d10d76234cae879d33acb565895792954df4e78,null,2015-11-20 18:09:28 UTC,570653,0xab3479886ea3981ca339aa63b1aaac5b8e1df95028f2427f038f43401e649d8a,
0x38921a4c87f0d2734e70e013f37434525861106ccb354185927cf8a1436d9baa,90,2,0xc8e18619e6f0976fc389a37cba21bc6d080284ee,0x32be343b94f860124dc4fee278fdcbd38c102d88,5263204630000000000,21000,60000000000,0x,63000,21000,null,0xd8cb42c1e95510063764bc6a2ecf201d27fa091baabeb7c08c34000645c2d6d3,null,2015-11-20 18:09:28 UTC,570653,0xab3479886ea3981ca339aa63b1aaac5b8e1df95028f2427f038f43401e649d8a,
0x2ee94645f7bb32a793ce5dd3ed3caff2c2d2e53205fc1ce690be1ea7f053e443,154,8,0x3cd73157c6a0ab907b9dfe60f75c74bb99d98e7b,0x32be343b94f860124dc4fee278fdcbd38c102d88,18165417980000000000,21000,60000000000,0x,189000,21000,null,0xf87ec8c1da0122ff8ecf38cbb6f7f7acb2bd08c4e663b155a942fd71aa234ded,null,2015-11-20 18:09:28 UTC,570653,0xab3479886ea3981ca339aa63b1aaac5b8e1df95028f2427f038f43401e649d8a,
0x759e659d6c26ca5fc8993e39a6cb146de146c1888a01531330804389e743cb8d,139,7,0x4b0a38c16b842d68a8721b4cad662e07cc430652,0x32be343b94f860124dc4fee278fdcbd38c102d88,1298114430000000000,21000,60000000000,0x,168000,21000,null,0xd38464c06cb65d7273c53ca2012743324cb8451b26f7c05d89ed28f37e457020,null,2015-11-20 18:09:28 UTC,570653,0xab3479886ea3981ca339aa63b1aaac5b8e1df95028f2427f038f43401e649d8a,
0xfb2e4e727a15bb6ca794b82c8db914fccf84b1306950ae2e52913596fa3f628d,185,0,0x8319d92d3a5013ba214d1d9385bf70c7a01ca73b,0xc47aaa860008be6f65b58c6c6e02a84e666efe31,1010766639999990000,21000,50000000000,0x,21000,21000,null,0x72e7251534b35bb981259d23063d2343b6cea1f569b90223b76741eb31b98ce2,null,2015-11-20 09:45:04 UTC,568984,0xe12a823d24d7400552d774b626f57530636e41c9b2d1a86c78296e678bf9717d,
0xbe1692df0a1ae4cac930e2e628975de6e7df2cadb28c69d6efdfcd7e0baef06a,147,0,0xc4ecca22c8cde162fc24083e0037c78f2885516b,0x32be343b94f860124dc4fee278fdcbd38c102d88,4436030380000000000,21000,60000000000,0x,21000,21000,null,0x2d5def1997eaef4ed00eb042c9d4d8e50ed99261f14afc5fd57cf94d43b3f73a,null,2015-11-20 10:57:08 UTC,569223,0x5e2f2b8ec00aeb15c91f1e825f964899f7771c2e808505e4c6abf3286d734740,
0x9e66d25ff46018bfa3afdcdf3590483cd188444919da1046827db8c79162b412,254,1,0x5cfea98867469500b90f0aa18402b95531869662,0x32be343b94f860124dc4fee278fdcbd38c102d88,10177953070000000000,21000,60000000000,0x,42000,21000,null,0x33ee2cbc83a5218a5baf6cde5c0dd1ac221dfc5690fcf759e863e777c84b09fd,null,2015-11-20 10:57:08 UTC,569223,0x5e2f2b8ec00aeb15c91f1e825f964899f7771c2e808505e4c6abf3286d734740,
0x6a7f0f68bf8889e180a2d18382835a2a0528c7a75981461e35dd75a712ecd989,312,3,0x3f863531c2e3ab0e7b17e9562bb02e7c367ea48b,0x32be343b94f860124dc4fee278fdcbd38c102d88,2982721400000000000,21000,60000000000,0x,84000,21000,null,0x20ce83959a2befa6df4919f0049eb30bb80eb2d14117d50ecf1bef96048a4c3d,null,2015-11-20 10:57:08 UTC,569223,0x5e2f2b8ec00aeb15c91f1e825f964899f7771c2e808505e4c6abf3286d734740,
0xfa8aa6ffe13eefc569cb02c6b002ad763b68625825e14dad978ba7c92d461ec3,302,2,0x55553e3b2d1e517f44fd4ea8354d171d69637b48,0x32be343b94f860124dc4fee278fdcbd38c102d88,1414692340000000000,21000,60000000000,0x,63000,21000,null,0x1ef943fb0cbc12d13efb4cc2918dbf0313533c8b46ca20d4c708a7627825f378,null,2015-11-20 10:57:08 UTC,569223,0x5e2f2b8ec00aeb15c91f1e825f964899f7771c2e808505e4c6abf3286d734740,
0xdbaf9cf227167772e6db494e24fa54ac48b87af40005284067ae3bf20a8ced3d,211,5,0x04a2a3ee9c9ea82e1f918ece209f8a7e6d7521e7,0x32be343b94f860124dc4fee278fdcbd38c102d88,5220748720000000000,21000,60000000000,0x,343893,21000,null,0x9c54bb3e8c2a7a4eb4530ffb1a1c62a9de12b0ae592bc5b71939238b5df60475,null,2015-11-20 22:10:20 UTC,571478,0x18ef63ca7ee58fd1a9a5f94de14837efaaea7a115e1ca8aabe1b24203b8b147f,
0xd28fed7e9215aefdfe96aff483c8f0a85ba564e5cb7789ca08052f9d8c9f894a,163,2,0x06bcfdb20583cc822f2031724e36f3678bbca6e9,0x32be343b94f860124dc4fee278fdcbd38c102d88,11883470550000000000,21000,60000000000,0x,280893,21000,null,0xf51b04daf2e5199c26a10523a66fe06c373a5003c4abb269e897e2cc4afe3987,null,2015-11-20 22:10:20 UTC,571478,0x18ef63ca7ee58fd1a9a5f94de14837efaaea7a115e1ca8aabe1b24203b8b147f,
0xa91c79954104324fc2a36bf73d1058d531ff54480d58d9fcb418d298e48299e2,1063,4,0x097738363b1662599ad0777e19461601f5ec8df9,0x32be343b94f860124dc4fee278fdcbd38c102d88,1319059800000000000,21000,60000000000,0x,322893,21000,null,0x72d1d8f6c76155cc7a2bd76a1279d4fdcaee8dad09b83cbddeb2ce39decb1d37,null,2015-11-20 22:10:20 UTC,571478,0x18ef63ca7ee58fd1a9a5f94de14837efaaea7a115e1ca8aabe1b24203b8b147f,
0x990605ecf9d8ab26ed1a1ab8b401f7b5244a6fdb5618eeb08844178ee7f89293,31,6,0x468569500925d53e06dd0993014ad166fd7dd381,0x32be343b94f860124dc4fee278fdcbd38c102d88,1054831520000000000,21000,60000000000,0x,364893,21000,null,0x48e4e8848133892dc0b55f9811e77b29133768d7180bf89014cafd09e6479aa6,null,2015-11-20 22:10:20 UTC,571478,0x18ef63ca7ee58fd1a9a5f94de14837efaaea7a115e1ca8aabe1b24203b8b147f,
0x7cdc7a47dbdf5bf3bc8bdf6eebbd761d0f99a822d123645922d12394e3948171,303,1,0x4dbfc5cd4d88480476f951dbcd591396773ae56c,0x32be343b94f860124dc4fee278fdcbd38c102d88,5989249580000000000,21000,60000000000,0x,259893,21000,null,0x69edcda5314dc80bf29c2a40989381228d042555a8a967cc8611a0027978ca37,null,2015-11-20 22:10:20 UTC,571478,0x18ef63ca7ee58fd1a9a5f94de14837efaaea7a115e1ca8aabe1b24203b8b147f,
0x69808d275bd4c58e43a059a1d679c46eedb34311b2c0d6d43c97c0393ea195c3,130,3,0xf93eb57661d8c6f2aaf28fd8d03004b65b8d1321,0x32be343b94f860124dc4fee278fdcbd38c102d88,11626650680000000000,21000,60000000000,0x,301893,21000,null,0xa75f5e9a4bdc9c6e79dc78083aa4dfcfb749374824b29b6b97ef50f2443a8acf,null,2015-11-20 22:10:20 UTC,571478,0x18ef63ca7ee58fd1a9a5f94de14837efaaea7a115e1ca8aabe1b24203b8b147f,
0xa52069b45c535b0ddb9cdd3c40a3c622ca0e704a31ab1c9c61f1c012dd0701c2,50,0,0xefd3b4476ff3ab87d7ef00e6a9ea481ead2654f3,0x32be343b94f860124dc4fee278fdcbd38c102d88,1331689880000000000,21000,60000000000,0x,21000,21000,null,0x0c6d90a37fa59fbda0f2924463f495a672b6cb10b46307854fb8c680515b910f,null,2015-11-20 05:31:00 UTC,568158,0xb225b7f120eca98067ef5fe071689919c491c234ea2dade9bc9e0e410c627f38,
0x8d17597367f9a6f65a9c8c42643c2992574105197f69d8485dd20e78f2af08c0,87,2,0x4cdb27d9cf1361a8d5a0aad300ace41a3ebd90fc,0x32be343b94f860124dc4fee278fdcbd38c102d88,7704685080000000000,21000,60000000000,0x,63000,21000,null,0xc469441c372861f49ba7f2f49e86db28886d5b18af0abb6919a968384764eeba,null,2015-11-20 09:16:40 UTC,568895,0x1b8970eb18d7733bc28daa8f4ed08960f175d249c9a90a0781a76d86fa32e6d6,
0xfdea740dbf49234d04e865caad7721da9f343f52c0db462c7e767b90faa0bf57,76,1,0x3343683b01cc6d4487c2243f7b565fa4b7b17523,0x32be343b94f860124dc4fee278fdcbd38c102d88,1799706900000000000,21000,60000000000,0x,42000,21000,null,0x01a6a577652d221e6f9362b1c676bcdaff3f8897aa56d1d13db9e78af0293491,null,2015-11-20 09:16:40 UTC,568895,0x1b8970eb18d7733bc28daa8f4ed08960f175d249c9a90a0781a76d86fa32e6d6,
0x3df42199dc346052997b562d5eb4c4e4377d0336b933035a4e2b137d118f6083,86,0,0xb3d5ac7c1dfc48f6389fa3c8ae08d5384d41cc0d,0x32be343b94f860124dc4fee278fdcbd38c102d88,5610394380000000000,21000,60000000000,0x,21000,21000,null,0x4038b4b6e22ca673a43bb7b8ae0f66a6ac2f487e6fe65ed19944489e20dd3f1b,null,2015-11-20 09:16:40 UTC,568895,0x1b8970eb18d7733bc28daa8f4ed08960f175d249c9a90a0781a76d86fa32e6d6,
0x5e878f8062375302d8b73ea7d8eb401d9ba091394d64985d5b1e1a63a260f6d0,68,3,0x6d01e6a0b321987f11466ca72424ae5fd4592392,0x32be343b94f860124dc4fee278fdcbd38c102d88,2014155560000000000,21000,60000000000,0x,84000,21000,null,0x03dd7e349b60966c4c56bcff58db2ea135c11da1d7e7d1a7743dabeddb43d165,null,2015-11-20 09:16:40 UTC,568895,0x1b8970eb18d7733bc28daa8f4ed08960f175d249c9a90a0781a76d86fa32e6d6,
0xb4bb9ee6c9a91f3f2afb8e1480ef19b086bbdd9c652667b16ea12e76bd2293be,220,100,0x2b1b05b4812547c709a0ef801d8fd2a6a61972dd,0x32be343b94f860124dc4fee278fdcbd38c102d88,3226637930000000000,21000,50000000000,0x,2121000,21000,null,0xc352d337cfd6a04a382df04e05a149dbaf7d82c0275a02735f30f55bfa19162a,null,2015-11-20 21:04:00 UTC,571256,0x111cb8f7ff6675f8da762d4dec1bcf13a958bc7351cc48b5373b76b426a4a255,
0xfc1863c29c139ecf63688a749926d8de6b0c133962bfb4478f6a5f32d2e1c15e,219,98,0x2b1b05b4812547c709a0ef801d8fd2a6a61972dd,0x32be343b94f860124dc4fee278fdcbd38c102d88,3226637930000000000,21000,50000000000,0x,2079000,21000,null,0x227250c53cecb71bcea4a4f34e1a48c5ed7dcc47ab97113d087b99d576711860,null,2015-11-20 21:04:00 UTC,571256,0x111cb8f7ff6675f8da762d4dec1bcf13a958bc7351cc48b5373b76b426a4a255,
0xb840808f6fae3e2476b1bfa325773f5d789b9f343e8c6f03daf0c4f49ee4b177,120,0,0x08346c0900aefbb6730d0d188c647607eb329f9f,0x32be343b94f860124dc4fee278fdcbd38c102d88,1977140560000000000,21000,63581957963,0x,21000,21000,null,0xe8078dda463458bff34c75c197862bd06aae115785be2c72a9d2c4309f99a9ac,null,2015-11-20 21:04:00 UTC,571256,0x111cb8f7ff6675f8da762d4dec1bcf13a958bc7351cc48b5373b76b426a4a255,
0xce9f7b9e8462324098bae0b29493f23334590a86a720ee3096f2e7bc989a0189,520,1,0x6599c9c86f1635faaefe7a5540914811dad8d167,0x32be343b94f860124dc4fee278fdcbd38c102d88,3008328100000000000,21000,63581957963,0x,42000,21000,null,0x2e4776cfd5b70b16a56f3c9266f060d77429f0ec59e026b0dc98edc17409cb70,null,2015-11-20 21:04:00 UTC,571256,0x111cb8f7ff6675f8da762d4dec1bcf13a958bc7351cc48b5373b76b426a4a255,
0x8982b3eab33cf9fadc55c27ea688412fc95e6844c6672899c5d94197b03d67d4,194,3,0x0d62e666d681e8be96903ac4abd3537f28c6125a,0x32be343b94f860124dc4fee278fdcbd38c102d88,6321362230000000000,21000,63581957963,0x,84000,21000,null,0x683252af04a5705efbab3bd5eb2fc65ee6ff2808a6a464e7bb3dda2be9a94891,null,2015-11-20 21:04:00 UTC,571256,0x111cb8f7ff6675f8da762d4dec1bcf13a958bc7351cc48b5373b76b426a4a255,
0x5d31cc0b0b78574227063530b060e1430441143ac8b579c2fa7020f7947572c0,345,4,0xe70361d11b44b2fba997417d7aaa26eb69ebfef0,0x32be343b94f860124dc4fee278fdcbd38c102d88,1189622150000000000,21000,63581957963,0x,105000,21000,null,0xaf37059af57993def3b229c6b4f787635834d3e9584424c4aaad944005a2cae1,null,2015-11-20 21:04:00 UTC,571256,0x111cb8f7ff6675f8da762d4dec1bcf13a958bc7351cc48b5373b76b426a4a255,